,image_name,image_id,region
0,"Amazon Linux 2 AMI (HVM), SSD Volume Type",ami-0323c3dd2da7fb37d,US East (N. Virginia)us-east-1
1,"Amazon Linux AMI 2018.03.0 (HVM), SSD Volume Type",ami-0915e09cc7ceee3ab,US East (N. Virginia)us-east-1
2,"Red Hat Enterprise Linux 8 (HVM), SSD Volume Type",ami-098f16afa9edf40be,US East (N. Virginia)us-east-1
3,"SUSE Linux Enterprise Server 15 SP1 (HVM), SSD Volume Type",ami-0068cd63259e9f24c,US East (N. Virginia)us-east-1
4,"Ubuntu Server 18.04 LTS (HVM), SSD Volume Type",ami-085925f297f89fce1,US East (N. Virginia)us-east-1
5,"Ubuntu Server 16.04 LTS (HVM), SSD Volume Type",ami-039a49e70ea773ffc,US East (N. Virginia)us-east-1
6,Microsoft Windows Server 2019 Base,ami-0c278895328cddfdd,US East (N. Virginia)us-east-1
7,Deep Learning AMI (Ubuntu 18.04) Version 28.0,ami-0c5642befe8d041bb,US East (N. Virginia)us-east-1
8,Deep Learning AMI (Ubuntu 16.04) Version 28.0,ami-05f3033402be9c7cd,US East (N. Virginia)us-east-1
9,Deep Learning AMI (Amazon Linux 2) Version 28.0,ami-07ca06b4ddd236275,US East (N. Virginia)us-east-1
10,Deep Learning Base AMI (Ubuntu 18.04) Version 23.0,ami-019266bf7a55994a7,US East (N. Virginia)us-east-1
11,Deep Learning Base AMI (Ubuntu 16.04) Version 23.0,ami-0adebed4facd78f14,US East (N. Virginia)us-east-1
12,Microsoft Windows Server 2019 Base with Containers,ami-004c4e3e4e4e3795f,US East (N. Virginia)us-east-1
13,Microsoft Windows Server 2019 with SQL Server 2017 Standard,ami-0530e28670fc2d1b9,US East (N. Virginia)us-east-1
14,Microsoft Windows Server 2019 with SQL Server 2017 Enterprise,ami-02f233f4f2c00b6d0,US East (N. Virginia)us-east-1
15,Microsoft Windows Server 2019 with SQL Server 2019 Standard,ami-07928d60e8abd7664,US East (N. Virginia)us-east-1
16,Microsoft Windows Server 2019 with SQL Server 2019 Enterprise,ami-0ba810f35403afa8d,US East (N. Virginia)us-east-1
17,Microsoft Windows Server 1909 Core Base,ami-072391f5e4cacbb7b,US East (N. Virginia)us-east-1
18,Deep Learning Base AMI (Amazon Linux 2) Version 23.0,ami-0bdcb553793be7724,US East (N. Virginia)us-east-1
19,Microsoft Windows Server 2016 Base,ami-0f7122ac3de6f22b2,US East (N. Virginia)us-east-1
20,Deep Learning AMI (Amazon Linux) Version 28.0,ami-02e34604ecdd4f208,US East (N. Virginia)us-east-1
21,Deep Learning Base AMI (Amazon Linux) Version 23.0,ami-0e7c1621221a80ed9,US East (N. Virginia)us-east-1
22,Microsoft Windows Server 2016 Base with Containers,ami-093c842241fc017b1,US East (N. Virginia)us-east-1
23,Deep Learning AMI (Microsoft Windows Server 2016),ami-0aedb6f2f29802c6e,US East (N. Virginia)us-east-1
24,Microsoft Windows Server 2016 with SQL Server 2016 Standard,ami-0dba283d114e0fae0,US East (N. Virginia)us-east-1
25,Microsoft Windows Server 2016 with SQL Server 2016 Enterprise,ami-0c1c61c980b2b10ce,US East (N. Virginia)us-east-1
26,Microsoft Windows Server 2016 with SQL Server 2017 Standard,ami-03eee380e7b168fc3,US East (N. Virginia)us-east-1
27,Microsoft Windows Server 2016 with SQL Server 2017 Enterprise,ami-025cff197382cb954,US East (N. Virginia)us-east-1
28,Microsoft Windows Server 2016 with SQL Server 2019 Standard,ami-00c30a26da9bdbb09,US East (N. Virginia)us-east-1
29,Microsoft Windows Server 2016 with SQL Server 2019 Enterprise,ami-0abb3221f6f8925be,US East (N. Virginia)us-east-1
30,Microsoft Windows Server 2012 R2 Base,ami-06b0c9a730e8035be,US East (N. Virginia)us-east-1
31,Microsoft Windows Server 2012 R2 with SQL Server 2016 Standard,ami-01e99ab4dac72e3e4,US East (N. Virginia)us-east-1
32,Microsoft Windows Server 2012 R2 with SQL Server 2016 Enterprise,ami-0d7a80ec89d56aeef,US East (N. Virginia)us-east-1
33,Amazon Linux 2 LTS with SQL Server 2017 Standard,ami-087a6127ba9676bb6,US East (N. Virginia)us-east-1
34,Ubuntu Server 16.04 LTS (HVM) with SQL Server 2017 Standard,ami-003dae68d018759d1,US East (N. Virginia)us-east-1
35,"Amazon Linux 2 with .Net Core, PowerShell, Mono, and MATE Desktop Environment",ami-0652d6c7a2e2d090a,US East (N. Virginia)us-east-1
36,Amazon Linux 2 LTS with SQL Server 2019 Standard,ami-0a28a1ad6f52a7332,US East (N. Virginia)us-east-1
37,"Ubuntu Server 20.04 LTS (HVM), SSD Volume Type",ami-068663a3c619dd892,US East (N. Virginia)us-east-1
38,"SUSE Linux Enterprise Server 12 SP5 (HVM), SSD Volume Type",ami-095d73d5068ebbc22,US East (N. Virginia)us-east-1
39,"Amazon Linux 2 AMI (HVM), SSD Volume Type",ami-06fcc1f0bc2c8943f,US East (Ohio)us-east-2
40,"Amazon Linux AMI 2018.03.0 (HVM), SSD Volume Type",ami-0027eed75be6f3bf4,US East (Ohio)us-east-2
41,"Red Hat Enterprise Linux 8 (HVM), SSD Volume Type",ami-066df92ac6f03efca,US East (Ohio)us-east-2
42,"SUSE Linux Enterprise Server 15 SP1 (HVM), SSD Volume Type",ami-02d732ce729636ebb,US East (Ohio)us-east-2
43,"Ubuntu Server 18.04 LTS (HVM), SSD Volume Type",ami-0f56279347d2fa43e,US East (Ohio)us-east-2
44,"Ubuntu Server 16.04 LTS (HVM), SSD Volume Type",ami-00e3060e4cb84a493,US East (Ohio)us-east-2
45,Microsoft Windows Server 2019 Base,ami-0390f4b65b4cbe84a,US East (Ohio)us-east-2
46,Deep Learning AMI (Ubuntu 18.04) Version 28.0,ami-0b799a6270a0599cd,US East (Ohio)us-east-2
47,Deep Learning AMI (Ubuntu 16.04) Version 28.0,ami-0d3cbf53364818ef7,US East (Ohio)us-east-2
48,Deep Learning AMI (Amazon Linux 2) Version 28.0,ami-0543205abaf1bf13c,US East (Ohio)us-east-2
49,Deep Learning Base AMI (Ubuntu 18.04) Version 23.0,ami-0fff89cb9d1397b10,US East (Ohio)us-east-2
50,Microsoft Windows Server 2019 Base with Containers,ami-012bc5f1228d38fbf,US East (Ohio)us-east-2
51,Microsoft Windows Server 2019 with SQL Server 2017 Standard,ami-03503e58b33950bc7,US East (Ohio)us-east-2
52,Microsoft Windows Server 2019 with SQL Server 2017 Enterprise,ami-07496b5dcb9b227f3,US East (Ohio)us-east-2
53,Microsoft Windows Server 2019 with SQL Server 2019 Standard,ami-0694c0f81a46a5d9e,US East (Ohio)us-east-2
54,Microsoft Windows Server 2019 with SQL Server 2019 Enterprise,ami-0e57d8eea6a2f3bf2,US East (Ohio)us-east-2
55,Microsoft Windows Server 1909 Core Base,ami-0c57dc068d28b0fee,US East (Ohio)us-east-2
56,Microsoft Windows Server 2016 Base,ami-06894046d41571622,US East (Ohio)us-east-2
57,Microsoft Windows Server 2016 Base with Containers,ami-0a6cacd2b2e683a3e,US East (Ohio)us-east-2
58,Deep Learning AMI (Microsoft Windows Server 2016),ami-0d2987ab308e3572f,US East (Ohio)us-east-2
59,Microsoft Windows Server 2016 with SQL Server 2016 Standard,ami-047c808a47971fe77,US East (Ohio)us-east-2
60,Microsoft Windows Server 2016 with SQL Server 2016 Enterprise,ami-06b0183fc49a751d3,US East (Ohio)us-east-2
61,Microsoft Windows Server 2016 with SQL Server 2017 Standard,ami-00b49e1e238b73b5d,US East (Ohio)us-east-2
62,Microsoft Windows Server 2016 with SQL Server 2017 Enterprise,ami-00a2996423fd9549d,US East (Ohio)us-east-2
63,Microsoft Windows Server 2016 with SQL Server 2019 Standard,ami-0ba71e7f96680a8b5,US East (Ohio)us-east-2
64,Microsoft Windows Server 2016 with SQL Server 2019 Enterprise,ami-0757005791517ccc6,US East (Ohio)us-east-2
65,Microsoft Windows Server 2012 R2 Base,ami-02e1d4031abd2c358,US East (Ohio)us-east-2
66,Microsoft Windows Server 2012 R2 with SQL Server 2016 Standard,ami-032e18590eaffa6d9,US East (Ohio)us-east-2
67,Microsoft Windows Server 2012 R2 with SQL Server 2016 Enterprise,ami-04f1d3deb3d62761d,US East (Ohio)us-east-2
68,Amazon Linux 2 LTS with SQL Server 2017 Standard,ami-001f4423779a12677,US East (Ohio)us-east-2
69,Ubuntu Server 16.04 LTS (HVM) with SQL Server 2017 Standard,ami-05233fbbbe6b6100b,US East (Ohio)us-east-2
70,"Amazon Linux 2 with .Net Core, PowerShell, Mono, and MATE Desktop Environment",ami-07c9d095494014c7f,US East (Ohio)us-east-2
71,Amazon Linux 2 LTS with SQL Server 2019 Standard,ami-03db0e84a30e0ceee,US East (Ohio)us-east-2
72,"SUSE Linux Enterprise Server 12 SP5 (HVM), SSD Volume Type",ami-065337027ad1efc9a,US East (Ohio)us-east-2
73,"Ubuntu Server 20.04 LTS (HVM), SSD Volume Type",ami-075fd582acf0c0128,US East (Ohio)us-east-2
74,Deep Learning Base AMI (Amazon Linux 2) Version 23.0,ami-0c2fc432e267fe463,US East (Ohio)us-east-2
75,Deep Learning AMI (Amazon Linux) Version 28.0,ami-0b795c57c1a06f60d,US East (Ohio)us-east-2
76,Deep Learning Base AMI (Amazon Linux) Version 23.0,ami-06a937ad977dbb827,US East (Ohio)us-east-2
77,Deep Learning Base AMI (Ubuntu 16.04) Version 23.0,ami-0940a2a6b11b218c9,US East (Ohio)us-east-2
78,"Amazon Linux 2 AMI (HVM), SSD Volume Type",ami-0d6621c01e8c2de2c,US West (N. California)us-west-1
79,"Amazon Linux AMI 2018.03.0 (HVM), SSD Volume Type",ami-01f08ef3e76b957e5,US West (N. California)us-west-1
80,"Red Hat Enterprise Linux 8 (HVM), SSD Volume Type",ami-02f147dfb8be58a10,US West (N. California)us-west-1
81,"SUSE Linux Enterprise Server 15 SP1 (HVM), SSD Volume Type",ami-0b9c71b41cc33f180,US West (N. California)us-west-1
82,"Ubuntu Server 18.04 LTS (HVM), SSD Volume Type",ami-003634241a8fcdec0,US West (N. California)us-west-1
83,"Ubuntu Server 16.04 LTS (HVM), SSD Volume Type",ami-008c6427c8facbe08,US West (N. California)us-west-1
84,Microsoft Windows Server 2019 Base,ami-059377ba193aa9309,US West (N. California)us-west-1
85,Deep Learning AMI (Ubuntu 18.04) Version 28.0,ami-08d65f1624e998033,US West (N. California)us-west-1
86,Deep Learning AMI (Ubuntu 16.04) Version 28.0,ami-028bd67d29802ddeb,US West (N. California)us-west-1
87,Deep Learning AMI (Amazon Linux) Version 28.0,ami-0dcf7155dec5d909a,US West (N. California)us-west-1
88,Deep Learning AMI (Amazon Linux 2) Version 28.0,ami-0fe69d299d5b1d6a4,US West (N. California)us-west-1
89,Deep Learning Base AMI (Ubuntu 18.04) Version 23.0,ami-01f63c88af62cd032,US West (N. California)us-west-1
90,Microsoft Windows Server 2019 Base with Containers,ami-021fd4c3adc928916,US West (N. California)us-west-1
91,Microsoft Windows Server 2019 with SQL Server 2017 Standard,ami-0087958275c526776,US West (N. California)us-west-1
92,Microsoft Windows Server 2019 with SQL Server 2017 Enterprise,ami-04b6e389f6b37bfbb,US West (N. California)us-west-1
93,Microsoft Windows Server 2019 with SQL Server 2019 Standard,ami-01b10967e8a92a44e,US West (N. California)us-west-1
94,Microsoft Windows Server 2019 with SQL Server 2019 Enterprise,ami-03581794b15db59bf,US West (N. California)us-west-1
95,Microsoft Windows Server 1909 Core Base,ami-0c7f9668831d801cd,US West (N. California)us-west-1
96,Microsoft Windows Server 2016 Base,ami-0f26f5844bdf3c2ad,US West (N. California)us-west-1
97,Microsoft Windows Server 2016 Base with Containers,ami-077e207eb9f7a642e,US West (N. California)us-west-1
98,Deep Learning AMI (Microsoft Windows Server 2016),ami-0f1ecf32bf0fd37f5,US West (N. California)us-west-1
99,Microsoft Windows Server 2016 with SQL Server 2016 Standard,ami-087a5b0f8e10493c0,US West (N. California)us-west-1
100,Microsoft Windows Server 2016 with SQL Server 2016 Enterprise,ami-0cac3afb064f4ff7b,US West (N. California)us-west-1
101,Microsoft Windows Server 2016 with SQL Server 2017 Standard,ami-059a3b2b24147c81d,US West (N. California)us-west-1
102,Microsoft Windows Server 2016 with SQL Server 2017 Enterprise,ami-0b97bdfb647337f5d,US West (N. California)us-west-1
103,Microsoft Windows Server 2016 with SQL Server 2019 Standard,ami-0be512dd50608a4e8,US West (N. California)us-west-1
104,Microsoft Windows Server 2016 with SQL Server 2019 Enterprise,ami-074ae9e0a36a2078c,US West (N. California)us-west-1
105,Microsoft Windows Server 2012 R2 Base,ami-0de8bce894b0eadce,US West (N. California)us-west-1
106,Microsoft Windows Server 2012 R2 with SQL Server 2016 Standard,ami-08b4210495a07958d,US West (N. California)us-west-1
107,Microsoft Windows Server 2012 R2 with SQL Server 2016 Enterprise,ami-0a9f78edcad9b3ad6,US West (N. California)us-west-1
108,Amazon Linux 2 LTS with SQL Server 2017 Standard,ami-0559759155a54c7a8,US West (N. California)us-west-1
109,Ubuntu Server 16.04 LTS (HVM) with SQL Server 2017 Standard,ami-0c6d456c3548469dc,US West (N. California)us-west-1
110,"Amazon Linux 2 with .Net Core, PowerShell, Mono, and MATE Desktop Environment",ami-08f861594f5a94e9f,US West (N. California)us-west-1
111,Amazon Linux 2 LTS with SQL Server 2019 Standard,ami-01a5a63308aaacdc5,US West (N. California)us-west-1
112,"SUSE Linux Enterprise Server 12 SP5 (HVM), SSD Volume Type",ami-02be82c2dbb5d0e48,US West (N. California)us-west-1
113,Deep Learning Base AMI (Ubuntu 16.04) Version 23.0,ami-06b192fbc17e4b3a9,US West (N. California)us-west-1
114,Deep Learning Base AMI (Amazon Linux 2) Version 23.0,ami-097b3de19b909f972,US West (N. California)us-west-1
115,"Ubuntu Server 20.04 LTS (HVM), SSD Volume Type",ami-09dd2e08d601bff67,US West (N. California)us-west-1
116,Deep Learning Base AMI (Amazon Linux) Version 23.0,ami-0eb5a5dcf38497043,US West (N. California)us-west-1
117,"Amazon Linux 2 AMI (HVM), SSD Volume Type",ami-0d6621c01e8c2de2c,US West (Oregon)us-west-2
118,"Amazon Linux AMI 2018.03.0 (HVM), SSD Volume Type",ami-01f08ef3e76b957e5,US West (Oregon)us-west-2
119,"Red Hat Enterprise Linux 8 (HVM), SSD Volume Type",ami-02f147dfb8be58a10,US West (Oregon)us-west-2
120,"SUSE Linux Enterprise Server 15 SP1 (HVM), SSD Volume Type",ami-0b9c71b41cc33f180,US West (Oregon)us-west-2
121,"Ubuntu Server 18.04 LTS (HVM), SSD Volume Type",ami-003634241a8fcdec0,US West (Oregon)us-west-2
122,"Ubuntu Server 16.04 LTS (HVM), SSD Volume Type",ami-008c6427c8facbe08,US West (Oregon)us-west-2
123,Microsoft Windows Server 2019 Base,ami-059377ba193aa9309,US West (Oregon)us-west-2
124,Deep Learning AMI (Ubuntu 18.04) Version 28.0,ami-08d65f1624e998033,US West (Oregon)us-west-2
125,Deep Learning AMI (Ubuntu 16.04) Version 28.0,ami-028bd67d29802ddeb,US West (Oregon)us-west-2
126,Deep Learning AMI (Amazon Linux) Version 28.0,ami-0dcf7155dec5d909a,US West (Oregon)us-west-2
127,Deep Learning AMI (Amazon Linux 2) Version 28.0,ami-0fe69d299d5b1d6a4,US West (Oregon)us-west-2
128,Deep Learning Base AMI (Ubuntu 18.04) Version 23.0,ami-01f63c88af62cd032,US West (Oregon)us-west-2
129,Microsoft Windows Server 2019 Base with Containers,ami-021fd4c3adc928916,US West (Oregon)us-west-2
130,Microsoft Windows Server 2019 with SQL Server 2017 Standard,ami-0087958275c526776,US West (Oregon)us-west-2
131,Microsoft Windows Server 2019 with SQL Server 2017 Enterprise,ami-04b6e389f6b37bfbb,US West (Oregon)us-west-2
132,Microsoft Windows Server 2019 with SQL Server 2019 Standard,ami-01b10967e8a92a44e,US West (Oregon)us-west-2
133,Microsoft Windows Server 2019 with SQL Server 2019 Enterprise,ami-03581794b15db59bf,US West (Oregon)us-west-2
134,Microsoft Windows Server 1909 Core Base,ami-0c7f9668831d801cd,US West (Oregon)us-west-2
135,Microsoft Windows Server 2016 Base,ami-0f26f5844bdf3c2ad,US West (Oregon)us-west-2
136,Microsoft Windows Server 2016 Base with Containers,ami-077e207eb9f7a642e,US West (Oregon)us-west-2
137,Deep Learning AMI (Microsoft Windows Server 2016),ami-0f1ecf32bf0fd37f5,US West (Oregon)us-west-2
138,Microsoft Windows Server 2016 with SQL Server 2016 Standard,ami-087a5b0f8e10493c0,US West (Oregon)us-west-2
139,Microsoft Windows Server 2016 with SQL Server 2016 Enterprise,ami-0cac3afb064f4ff7b,US West (Oregon)us-west-2
140,Microsoft Windows Server 2016 with SQL Server 2017 Standard,ami-059a3b2b24147c81d,US West (Oregon)us-west-2
141,Microsoft Windows Server 2016 with SQL Server 2017 Enterprise,ami-0b97bdfb647337f5d,US West (Oregon)us-west-2
142,Microsoft Windows Server 2016 with SQL Server 2019 Standard,ami-0be512dd50608a4e8,US West (Oregon)us-west-2
143,Microsoft Windows Server 2016 with SQL Server 2019 Enterprise,ami-074ae9e0a36a2078c,US West (Oregon)us-west-2
144,Microsoft Windows Server 2012 R2 Base,ami-0de8bce894b0eadce,US West (Oregon)us-west-2
145,Microsoft Windows Server 2012 R2 with SQL Server 2016 Standard,ami-08b4210495a07958d,US West (Oregon)us-west-2
146,Microsoft Windows Server 2012 R2 with SQL Server 2016 Enterprise,ami-0a9f78edcad9b3ad6,US West (Oregon)us-west-2
147,Amazon Linux 2 LTS with SQL Server 2017 Standard,ami-0559759155a54c7a8,US West (Oregon)us-west-2
148,Ubuntu Server 16.04 LTS (HVM) with SQL Server 2017 Standard,ami-0c6d456c3548469dc,US West (Oregon)us-west-2
149,"Amazon Linux 2 with .Net Core, PowerShell, Mono, and MATE Desktop Environment",ami-08f861594f5a94e9f,US West (Oregon)us-west-2
150,Amazon Linux 2 LTS with SQL Server 2019 Standard,ami-01a5a63308aaacdc5,US West (Oregon)us-west-2
151,"SUSE Linux Enterprise Server 12 SP5 (HVM), SSD Volume Type",ami-02be82c2dbb5d0e48,US West (Oregon)us-west-2
152,Deep Learning Base AMI (Ubuntu 16.04) Version 23.0,ami-06b192fbc17e4b3a9,US West (Oregon)us-west-2
153,Deep Learning Base AMI (Amazon Linux 2) Version 23.0,ami-097b3de19b909f972,US West (Oregon)us-west-2
154,"Ubuntu Server 20.04 LTS (HVM), SSD Volume Type",ami-09dd2e08d601bff67,US West (Oregon)us-west-2
155,Deep Learning Base AMI (Amazon Linux) Version 23.0,ami-0eb5a5dcf38497043,US West (Oregon)us-west-2
156,"Amazon Linux 2 AMI (HVM), SSD Volume Type",ami-0d6621c01e8c2de2c,Africa (Cape Town)af-south-1
157,"Amazon Linux AMI 2018.03.0 (HVM), SSD Volume Type",ami-01f08ef3e76b957e5,Africa (Cape Town)af-south-1
158,"Red Hat Enterprise Linux 8 (HVM), SSD Volume Type",ami-02f147dfb8be58a10,Africa (Cape Town)af-south-1
159,"SUSE Linux Enterprise Server 15 SP1 (HVM), SSD Volume Type",ami-0b9c71b41cc33f180,Africa (Cape Town)af-south-1
160,"Ubuntu Server 18.04 LTS (HVM), SSD Volume Type",ami-003634241a8fcdec0,Africa (Cape Town)af-south-1
161,"Ubuntu Server 16.04 LTS (HVM), SSD Volume Type",ami-008c6427c8facbe08,Africa (Cape Town)af-south-1
162,Microsoft Windows Server 2019 Base,ami-059377ba193aa9309,Africa (Cape Town)af-south-1
163,Deep Learning AMI (Ubuntu 18.04) Version 28.0,ami-08d65f1624e998033,Africa (Cape Town)af-south-1
164,Deep Learning AMI (Ubuntu 16.04) Version 28.0,ami-028bd67d29802ddeb,Africa (Cape Town)af-south-1
165,Deep Learning AMI (Amazon Linux) Version 28.0,ami-0dcf7155dec5d909a,Africa (Cape Town)af-south-1
166,Deep Learning AMI (Amazon Linux 2) Version 28.0,ami-0fe69d299d5b1d6a4,Africa (Cape Town)af-south-1
167,Deep Learning Base AMI (Ubuntu 18.04) Version 23.0,ami-01f63c88af62cd032,Africa (Cape Town)af-south-1
168,Microsoft Windows Server 2019 Base with Containers,ami-021fd4c3adc928916,Africa (Cape Town)af-south-1
169,Microsoft Windows Server 2019 with SQL Server 2017 Standard,ami-0087958275c526776,Africa (Cape Town)af-south-1
170,Microsoft Windows Server 2019 with SQL Server 2017 Enterprise,ami-04b6e389f6b37bfbb,Africa (Cape Town)af-south-1
171,Microsoft Windows Server 2019 with SQL Server 2019 Standard,ami-01b10967e8a92a44e,Africa (Cape Town)af-south-1
172,Microsoft Windows Server 2019 with SQL Server 2019 Enterprise,ami-03581794b15db59bf,Africa (Cape Town)af-south-1
173,Microsoft Windows Server 1909 Core Base,ami-0c7f9668831d801cd,Africa (Cape Town)af-south-1
174,Microsoft Windows Server 2016 Base,ami-0f26f5844bdf3c2ad,Africa (Cape Town)af-south-1
175,Microsoft Windows Server 2016 Base with Containers,ami-077e207eb9f7a642e,Africa (Cape Town)af-south-1
176,Deep Learning AMI (Microsoft Windows Server 2016),ami-0f1ecf32bf0fd37f5,Africa (Cape Town)af-south-1
177,Microsoft Windows Server 2016 with SQL Server 2016 Standard,ami-087a5b0f8e10493c0,Africa (Cape Town)af-south-1
178,Microsoft Windows Server 2016 with SQL Server 2016 Enterprise,ami-0cac3afb064f4ff7b,Africa (Cape Town)af-south-1
179,Microsoft Windows Server 2016 with SQL Server 2017 Standard,ami-059a3b2b24147c81d,Africa (Cape Town)af-south-1
180,Microsoft Windows Server 2016 with SQL Server 2017 Enterprise,ami-0b97bdfb647337f5d,Africa (Cape Town)af-south-1
181,Microsoft Windows Server 2016 with SQL Server 2019 Standard,ami-0be512dd50608a4e8,Africa (Cape Town)af-south-1
182,Microsoft Windows Server 2016 with SQL Server 2019 Enterprise,ami-074ae9e0a36a2078c,Africa (Cape Town)af-south-1
183,Microsoft Windows Server 2012 R2 Base,ami-0de8bce894b0eadce,Africa (Cape Town)af-south-1
184,Microsoft Windows Server 2012 R2 with SQL Server 2016 Standard,ami-08b4210495a07958d,Africa (Cape Town)af-south-1
185,Microsoft Windows Server 2012 R2 with SQL Server 2016 Enterprise,ami-0a9f78edcad9b3ad6,Africa (Cape Town)af-south-1
186,Amazon Linux 2 LTS with SQL Server 2017 Standard,ami-0559759155a54c7a8,Africa (Cape Town)af-south-1
187,Ubuntu Server 16.04 LTS (HVM) with SQL Server 2017 Standard,ami-0c6d456c3548469dc,Africa (Cape Town)af-south-1
188,"Amazon Linux 2 with .Net Core, PowerShell, Mono, and MATE Desktop Environment",ami-08f861594f5a94e9f,Africa (Cape Town)af-south-1
189,Amazon Linux 2 LTS with SQL Server 2019 Standard,ami-01a5a63308aaacdc5,Africa (Cape Town)af-south-1
190,"SUSE Linux Enterprise Server 12 SP5 (HVM), SSD Volume Type",ami-02be82c2dbb5d0e48,Africa (Cape Town)af-south-1
191,Deep Learning Base AMI (Ubuntu 16.04) Version 23.0,ami-06b192fbc17e4b3a9,Africa (Cape Town)af-south-1
192,Deep Learning Base AMI (Amazon Linux 2) Version 23.0,ami-097b3de19b909f972,Africa (Cape Town)af-south-1
193,"Ubuntu Server 20.04 LTS (HVM), SSD Volume Type",ami-09dd2e08d601bff67,Africa (Cape Town)af-south-1
194,Deep Learning Base AMI (Amazon Linux) Version 23.0,ami-0eb5a5dcf38497043,Africa (Cape Town)af-south-1
195,"Amazon Linux 2 AMI (HVM), SSD Volume Type",ami-0470e33cd681b2476,Asia Pacific (Hong Kong)ap-east-1
196,"Amazon Linux AMI 2018.03.0 (HVM), SSD Volume Type",ami-04b2519c83e2a7ea5,Asia Pacific (Hong Kong)ap-east-1
197,"Red Hat Enterprise Linux 8 (HVM), SSD Volume Type",ami-052c08d70def0ac62,Asia Pacific (Hong Kong)ap-east-1
198,"SUSE Linux Enterprise Server 15 SP1 (HVM), SSD Volume Type",ami-04adb0084e85aef06,Asia Pacific (Hong Kong)ap-east-1
199,"Ubuntu Server 18.04 LTS (HVM), SSD Volume Type",ami-0b44050b2d893d5f7,Asia Pacific (Hong Kong)ap-east-1
200,Microsoft Windows Server 2019 Base,ami-0d0b566c7d15a03a3,Asia Pacific (Hong Kong)ap-east-1
201,Microsoft Windows Server 2019 Base with Containers,ami-02792828c0c33ea47,Asia Pacific (Hong Kong)ap-east-1
202,Microsoft Windows Server 2019 with SQL Server 2017 Standard,ami-0025a6a95431e0e7e,Asia Pacific (Hong Kong)ap-east-1
203,Microsoft Windows Server 2019 with SQL Server 2017 Enterprise,ami-099e19c24101f19b5,Asia Pacific (Hong Kong)ap-east-1
204,Microsoft Windows Server 2019 with SQL Server 2019 Standard,ami-09858dc83db37270c,Asia Pacific (Hong Kong)ap-east-1
205,Microsoft Windows Server 2019 with SQL Server 2019 Enterprise,ami-03ac33dbfaee3bc1e,Asia Pacific (Hong Kong)ap-east-1
206,Microsoft Windows Server 1909 Core Base,ami-032dd1a37ff787a1e,Asia Pacific (Hong Kong)ap-east-1
207,Microsoft Windows Server 2016 Base,ami-002aa17df8c86f635,Asia Pacific (Hong Kong)ap-east-1
208,Microsoft Windows Server 2016 Base with Containers,ami-0eb23d4df042a84b9,Asia Pacific (Hong Kong)ap-east-1
209,Deep Learning AMI (Microsoft Windows Server 2016),ami-09d61875a1df4770f,Asia Pacific (Hong Kong)ap-east-1
210,Microsoft Windows Server 2016 with SQL Server 2016 Standard,ami-0b030d173d795aa1f,Asia Pacific (Hong Kong)ap-east-1
211,Microsoft Windows Server 2016 with SQL Server 2016 Enterprise,ami-06810a0e41cc9115f,Asia Pacific (Hong Kong)ap-east-1
212,Microsoft Windows Server 2016 with SQL Server 2017 Standard,ami-0e0e907875b3b67c0,Asia Pacific (Hong Kong)ap-east-1
213,Microsoft Windows Server 2016 with SQL Server 2017 Enterprise,ami-072a6226a860fd9a7,Asia Pacific (Hong Kong)ap-east-1
214,"Ubuntu Server 16.04 LTS (HVM), SSD Volume Type",ami-01b8d0884f38e37b4,Asia Pacific (Hong Kong)ap-east-1
215,"SUSE Linux Enterprise Server 12 SP5 (HVM), SSD Volume Type",ami-0eb64c49a2299a148,Asia Pacific (Hong Kong)ap-east-1
216,Microsoft Windows Server 2016 with SQL Server 2019 Standard,ami-07cb808c06fe4886c,Asia Pacific (Hong Kong)ap-east-1
217,Microsoft Windows Server 2016 with SQL Server 2019 Enterprise,ami-055db7f5d705e893a,Asia Pacific (Hong Kong)ap-east-1
218,Microsoft Windows Server 2012 R2 Base,ami-06039f3505857ba51,Asia Pacific (Hong Kong)ap-east-1
219,Microsoft Windows Server 2012 R2 with SQL Server 2016 Standard,ami-0728758d5917cd4ce,Asia Pacific (Hong Kong)ap-east-1
220,Microsoft Windows Server 2012 R2 with SQL Server 2016 Enterprise,ami-02a39cf37c0d482b1,Asia Pacific (Hong Kong)ap-east-1
221,Amazon Linux 2 LTS with SQL Server 2017 Standard,ami-0d66dddf1b958fbef,Asia Pacific (Hong Kong)ap-east-1
222,Ubuntu Server 16.04 LTS (HVM) with SQL Server 2017 Standard,ami-0654973af14fd607c,Asia Pacific (Hong Kong)ap-east-1
223,"Amazon Linux 2 with .Net Core, PowerShell, Mono, and MATE Desktop Environment",ami-00b494a3f139ba61f,Asia Pacific (Hong Kong)ap-east-1
224,Amazon Linux 2 LTS with SQL Server 2019 Standard,ami-0f8d47e5d33f89277,Asia Pacific (Hong Kong)ap-east-1
225,Deep Learning AMI (Ubuntu 18.04) Version 28.0,ami-0fd62773c0c9f473f,Asia Pacific (Hong Kong)ap-east-1
226,Deep Learning AMI (Ubuntu 16.04) Version 28.0,ami-0a7fed454c91771a0,Asia Pacific (Hong Kong)ap-east-1
227,Deep Learning AMI (Amazon Linux 2) Version 28.0,ami-0e21b348962c1b2ac,Asia Pacific (Hong Kong)ap-east-1
228,Deep Learning Base AMI (Ubuntu 18.04) Version 23.0,ami-09b88a44a5e9c479f,Asia Pacific (Hong Kong)ap-east-1
229,Deep Learning Base AMI (Ubuntu 16.04) Version 23.0,ami-06246912a8dceef6c,Asia Pacific (Hong Kong)ap-east-1
230,"Ubuntu Server 20.04 LTS (HVM), SSD Volume Type",ami-0c5b1a88222ac79cb,Asia Pacific (Hong Kong)ap-east-1
231,Deep Learning Base AMI (Amazon Linux 2) Version 23.0,ami-0c304c3458893eb73,Asia Pacific (Hong Kong)ap-east-1
232,Deep Learning AMI (Amazon Linux) Version 28.0,ami-0b09ba7b3a714bac8,Asia Pacific (Hong Kong)ap-east-1
233,Deep Learning Base AMI (Amazon Linux) Version 23.0,ami-0f6c9432b26c820b6,Asia Pacific (Hong Kong)ap-east-1
234,"Amazon Linux 2 AMI (HVM), SSD Volume Type",ami-01288945bd24ed49a,Asia Pacific (Mumbai)ap-south-1
235,"Amazon Linux AMI 2018.03.0 (HVM), SSD Volume Type",ami-09391a0ad9f9243b6,Asia Pacific (Mumbai)ap-south-1
236,"Ubuntu Server 18.04 LTS (HVM), SSD Volume Type",ami-00edfb46b107f643c,Asia Pacific (Mumbai)ap-south-1
237,"Ubuntu Server 18.04 LTS (HVM), SSD Volume Type",ami-00edfb46b107f643c,Asia Pacific (Mumbai)ap-south-1
238,"SUSE Linux Enterprise Server 15 SP1 (HVM), SSD Volume Type",ami-0816cde11e4fdddec,Asia Pacific (Mumbai)ap-south-1
239,"Red Hat Enterprise Linux 8 (HVM), SSD Volume Type",ami-0f8dedf5ec103d6a5,Asia Pacific (Mumbai)ap-south-1
240,Microsoft Windows Server 2019 Base,ami-0419b1bc0ae0409c1,Asia Pacific (Mumbai)ap-south-1
241,Deep Learning AMI (Ubuntu 18.04) Version 28.0,ami-0356ba0f0c369ca3f,Asia Pacific (Mumbai)ap-south-1
242,Deep Learning AMI (Ubuntu 16.04) Version 28.0,ami-0b124a3c42e78384f,Asia Pacific (Mumbai)ap-south-1
243,Deep Learning AMI (Amazon Linux 2) Version 28.0,ami-0794ddd477175da22,Asia Pacific (Mumbai)ap-south-1
244,Deep Learning Base AMI (Ubuntu 18.04) Version 23.0,ami-05985242858235b0b,Asia Pacific (Mumbai)ap-south-1
245,Microsoft Windows Server 2019 Base with Containers,ami-09f1ad5bbfbfd7e59,Asia Pacific (Mumbai)ap-south-1
246,Microsoft Windows Server 2019 with SQL Server 2017 Standard,ami-0171e8340359d2fd0,Asia Pacific (Mumbai)ap-south-1
247,Microsoft Windows Server 2019 with SQL Server 2017 Enterprise,ami-080003ede739055ca,Asia Pacific (Mumbai)ap-south-1
248,Microsoft Windows Server 2019 with SQL Server 2019 Standard,ami-08afbbe3e03882b4d,Asia Pacific (Mumbai)ap-south-1
249,Microsoft Windows Server 2019 with SQL Server 2019 Enterprise,ami-0e3b223f941959e0e,Asia Pacific (Mumbai)ap-south-1
250,Microsoft Windows Server 1909 Core Base,ami-0e22b7c349cc12028,Asia Pacific (Mumbai)ap-south-1
251,Microsoft Windows Server 2016 Base,ami-061928edf87ae6cad,Asia Pacific (Mumbai)ap-south-1
252,Microsoft Windows Server 2016 Base with Containers,ami-01444f577c6902941,Asia Pacific (Mumbai)ap-south-1
253,Deep Learning AMI (Microsoft Windows Server 2016),ami-0ca0992839a9004be,Asia Pacific (Mumbai)ap-south-1
254,Microsoft Windows Server 2016 with SQL Server 2016 Standard,ami-0383be9f003447d2a,Asia Pacific (Mumbai)ap-south-1
255,Microsoft Windows Server 2016 with SQL Server 2016 Enterprise,ami-031e2891cc9afbbe2,Asia Pacific (Mumbai)ap-south-1
256,Microsoft Windows Server 2016 with SQL Server 2017 Standard,ami-0b537857ffaa210b8,Asia Pacific (Mumbai)ap-south-1
257,Microsoft Windows Server 2016 with SQL Server 2017 Enterprise,ami-04c467c0291f308d4,Asia Pacific (Mumbai)ap-south-1
258,Microsoft Windows Server 2016 with SQL Server 2019 Standard,ami-081508868d58e750c,Asia Pacific (Mumbai)ap-south-1
259,Microsoft Windows Server 2016 with SQL Server 2019 Enterprise,ami-0ce44b93cef705c9b,Asia Pacific (Mumbai)ap-south-1
260,Microsoft Windows Server 2012 R2 Base,ami-03cf6f7ecd6fa4a04,Asia Pacific (Mumbai)ap-south-1
261,Microsoft Windows Server 2012 R2 with SQL Server 2016 Standard,ami-07b9c9b216ab5b066,Asia Pacific (Mumbai)ap-south-1
262,Microsoft Windows Server 2012 R2 with SQL Server 2016 Enterprise,ami-025497db5caf30924,Asia Pacific (Mumbai)ap-south-1
263,Amazon Linux 2 LTS with SQL Server 2017 Standard,ami-037aa79b134986bbf,Asia Pacific (Mumbai)ap-south-1
264,Ubuntu Server 16.04 LTS (HVM) with SQL Server 2017 Standard,ami-03a1ebe9e6aa7a15b,Asia Pacific (Mumbai)ap-south-1
265,"Amazon Linux 2 with .Net Core, PowerShell, Mono, and MATE Desktop Environment",ami-03d6a46c0c27aa06c,Asia Pacific (Mumbai)ap-south-1
266,Amazon Linux 2 LTS with SQL Server 2019 Standard,ami-0572c880f38c8ce77,Asia Pacific (Mumbai)ap-south-1
267,"Ubuntu Server 20.04 LTS (HVM), SSD Volume Type",ami-0de407404c33d1671,Asia Pacific (Mumbai)ap-south-1
268,Deep Learning Base AMI (Ubuntu 16.04) Version 23.0,ami-0b2672b1e0d58a99b,Asia Pacific (Mumbai)ap-south-1
269,"SUSE Linux Enterprise Server 12 SP5 (HVM), SSD Volume Type",ami-0bef6228aa05d215b,Asia Pacific (Mumbai)ap-south-1
270,Deep Learning Base AMI (Amazon Linux 2) Version 23.0,ami-0284cb000806c4cca,Asia Pacific (Mumbai)ap-south-1
271,Deep Learning AMI (Amazon Linux) Version 28.0,ami-0522a6c7ade59e787,Asia Pacific (Mumbai)ap-south-1
272,Deep Learning Base AMI (Amazon Linux) Version 23.0,ami-07a733dc7667a5565,Asia Pacific (Mumbai)ap-south-1
273,"Amazon Linux 2 AMI (HVM), SSD Volume Type",ami-0ec225b5e01ccb706,Asia Pacific (Seoul)ap-northeast-2
274,"Amazon Linux AMI 2018.03.0 (HVM), SSD Volume Type",ami-0dff4318d85149d5d,Asia Pacific (Seoul)ap-northeast-2
275,"Red Hat Enterprise Linux 8 (HVM), SSD Volume Type",ami-02b6d9703a69265e9,Asia Pacific (Seoul)ap-northeast-2
276,"SUSE Linux Enterprise Server 15 SP1 (HVM), SSD Volume Type",ami-09037fd065d6d7698,Asia Pacific (Seoul)ap-northeast-2
277,"Ubuntu Server 18.04 LTS (HVM), SSD Volume Type",ami-0f7719e8b7ba25c61,Asia Pacific (Seoul)ap-northeast-2
278,"Ubuntu Server 16.04 LTS (HVM), SSD Volume Type",ami-01c54eee4ab8725c0,Asia Pacific (Seoul)ap-northeast-2
279,Microsoft Windows Server 2019 Base,ami-0fdb514b22fa2aed1,Asia Pacific (Seoul)ap-northeast-2
280,Deep Learning AMI (Ubuntu 18.04) Version 28.0,ami-09a79790637bdd5c8,Asia Pacific (Seoul)ap-northeast-2
281,Deep Learning AMI (Ubuntu 16.04) Version 28.0,ami-0e2f3faa39c36ea1e,Asia Pacific (Seoul)ap-northeast-2
282,Deep Learning AMI (Amazon Linux 2) Version 28.0,ami-0283fd067ec716638,Asia Pacific (Seoul)ap-northeast-2
283,Deep Learning Base AMI (Ubuntu 18.04) Version 23.0,ami-0e1db9df9dc3f3297,Asia Pacific (Seoul)ap-northeast-2
284,Microsoft Windows Server 2019 Base with Containers,ami-0aa83bea6bc52d1a1,Asia Pacific (Seoul)ap-northeast-2
285,Microsoft Windows Server 2019 with SQL Server 2017 Standard,ami-061e86d00556fe87a,Asia Pacific (Seoul)ap-northeast-2
286,Microsoft Windows Server 2019 with SQL Server 2017 Enterprise,ami-05bb828e90b157ad4,Asia Pacific (Seoul)ap-northeast-2
287,Microsoft Windows Server 2019 with SQL Server 2019 Standard,ami-03598231144673b11,Asia Pacific (Seoul)ap-northeast-2
288,Microsoft Windows Server 2019 with SQL Server 2019 Enterprise,ami-025901f84117cecfb,Asia Pacific (Seoul)ap-northeast-2
289,Microsoft Windows Server 1909 Core Base,ami-0504ba4a00ded7def,Asia Pacific (Seoul)ap-northeast-2
290,Microsoft Windows Server 2016 Base,ami-0869caa73f897a75b,Asia Pacific (Seoul)ap-northeast-2
291,Microsoft Windows Server 2016 Base with Containers,ami-0b8c987c79c17b3b0,Asia Pacific (Seoul)ap-northeast-2
292,Deep Learning AMI (Microsoft Windows Server 2016),ami-0520d422ab6ceaefc,Asia Pacific (Seoul)ap-northeast-2
293,Microsoft Windows Server 2016 with SQL Server 2016 Standard,ami-02be35d18a8b7ff98,Asia Pacific (Seoul)ap-northeast-2
294,Microsoft Windows Server 2016 with SQL Server 2016 Enterprise,ami-0b734bfffe8d61a4e,Asia Pacific (Seoul)ap-northeast-2
295,Microsoft Windows Server 2016 with SQL Server 2017 Standard,ami-04151a4864bc066f7,Asia Pacific (Seoul)ap-northeast-2
296,Microsoft Windows Server 2016 with SQL Server 2017 Enterprise,ami-06dae6c01c3bab26e,Asia Pacific (Seoul)ap-northeast-2
297,Microsoft Windows Server 2016 with SQL Server 2019 Standard,ami-00ec3fd27fd9b310d,Asia Pacific (Seoul)ap-northeast-2
298,Microsoft Windows Server 2016 with SQL Server 2019 Enterprise,ami-096e1fedaafaa21eb,Asia Pacific (Seoul)ap-northeast-2
299,Microsoft Windows Server 2012 R2 Base,ami-07e72935c60188f7d,Asia Pacific (Seoul)ap-northeast-2
300,Microsoft Windows Server 2012 R2 with SQL Server 2016 Standard,ami-0badab56b832698ec,Asia Pacific (Seoul)ap-northeast-2
301,Microsoft Windows Server 2012 R2 with SQL Server 2016 Enterprise,ami-05db13d48433de32a,Asia Pacific (Seoul)ap-northeast-2
302,Amazon Linux 2 LTS with SQL Server 2017 Standard,ami-09c12f9a44e1b8e48,Asia Pacific (Seoul)ap-northeast-2
303,Ubuntu Server 16.04 LTS (HVM) with SQL Server 2017 Standard,ami-089951c15775770aa,Asia Pacific (Seoul)ap-northeast-2
304,"Amazon Linux 2 with .Net Core, PowerShell, Mono, and MATE Desktop Environment",ami-06efa08518dfe6038,Asia Pacific (Seoul)ap-northeast-2
305,Amazon Linux 2 LTS with SQL Server 2019 Standard,ami-0ca6a38661cf4219b,Asia Pacific (Seoul)ap-northeast-2
306,"SUSE Linux Enterprise Server 12 SP5 (HVM), SSD Volume Type",ami-069a01be0e4a8b0b7,Asia Pacific (Seoul)ap-northeast-2
307,Deep Learning Base AMI (Ubuntu 16.04) Version 23.0,ami-00885b536fcc07b78,Asia Pacific (Seoul)ap-northeast-2
308,"Ubuntu Server 20.04 LTS (HVM), SSD Volume Type",ami-0b8cf0f359b1335e1,Asia Pacific (Seoul)ap-northeast-2
309,Deep Learning Base AMI (Amazon Linux 2) Version 23.0,ami-0b5bf50f5c93d87cd,Asia Pacific (Seoul)ap-northeast-2
310,Deep Learning AMI (Amazon Linux) Version 28.0,ami-0c420f64eb46ee85f,Asia Pacific (Seoul)ap-northeast-2
311,Deep Learning Base AMI (Amazon Linux) Version 23.0,ami-00bbd26d9193bfcda,Asia Pacific (Seoul)ap-northeast-2
312,"Amazon Linux 2 AMI (HVM), SSD Volume Type",ami-0970010f37c4f9c8d,Asia Pacific (Singapore)ap-southeast-1
313,"Amazon Linux AMI 2018.03.0 (HVM), SSD Volume Type",ami-050e1ec030abb8dde,Asia Pacific (Singapore)ap-southeast-1
314,"Red Hat Enterprise Linux 8 (HVM), SSD Volume Type",ami-0810abbfb78d37cdf,Asia Pacific (Singapore)ap-southeast-1
315,"SUSE Linux Enterprise Server 15 SP1 (HVM), SSD Volume Type",ami-0320c4dd7c5ba560c,Asia Pacific (Singapore)ap-southeast-1
316,"Ubuntu Server 18.04 LTS (HVM), SSD Volume Type",ami-04fcc97b5f6edcd89,Asia Pacific (Singapore)ap-southeast-1
317,Microsoft Windows Server 2019 Base,ami-030bf0fa163eee558,Asia Pacific (Singapore)ap-southeast-1
318,"Ubuntu Server 16.04 LTS (HVM), SSD Volume Type",ami-07e22925f7bf77a0c,Asia Pacific (Singapore)ap-southeast-1
319,Deep Learning AMI (Ubuntu 18.04) Version 28.0,ami-009df2542d305dded,Asia Pacific (Singapore)ap-southeast-1
320,Deep Learning AMI (Ubuntu 16.04) Version 28.0,ami-08b1e76c66719a4ae,Asia Pacific (Singapore)ap-southeast-1
321,Deep Learning AMI (Amazon Linux 2) Version 28.0,ami-0815d3557c3e02cf2,Asia Pacific (Singapore)ap-southeast-1
322,Deep Learning Base AMI (Ubuntu 18.04) Version 23.0,ami-01beaf20b6643edd9,Asia Pacific (Singapore)ap-southeast-1
323,Microsoft Windows Server 2019 Base with Containers,ami-01d8f1e5885e7f9c2,Asia Pacific (Singapore)ap-southeast-1
324,Microsoft Windows Server 2019 with SQL Server 2017 Standard,ami-0e33095195c381a3a,Asia Pacific (Singapore)ap-southeast-1
325,Microsoft Windows Server 2019 with SQL Server 2017 Enterprise,ami-09db2518a496cb5d5,Asia Pacific (Singapore)ap-southeast-1
326,Microsoft Windows Server 2019 with SQL Server 2019 Standard,ami-00c5c1df189f48fa7,Asia Pacific (Singapore)ap-southeast-1
327,Microsoft Windows Server 2019 with SQL Server 2019 Enterprise,ami-0f88749c41ab7ffc3,Asia Pacific (Singapore)ap-southeast-1
328,Microsoft Windows Server 1909 Core Base,ami-0fb55dccb4249f022,Asia Pacific (Singapore)ap-southeast-1
329,Microsoft Windows Server 2016 Base,ami-0d74db61e73aba053,Asia Pacific (Singapore)ap-southeast-1
330,Microsoft Windows Server 2016 Base with Containers,ami-041f53dfaa6b61453,Asia Pacific (Singapore)ap-southeast-1
331,Deep Learning AMI (Microsoft Windows Server 2016),ami-0c3e3ccc7eb607b34,Asia Pacific (Singapore)ap-southeast-1
332,Microsoft Windows Server 2016 with SQL Server 2016 Standard,ami-0ffd5027ef4c91205,Asia Pacific (Singapore)ap-southeast-1
333,Microsoft Windows Server 2016 with SQL Server 2016 Enterprise,ami-0cb2c28d309d26583,Asia Pacific (Singapore)ap-southeast-1
334,Microsoft Windows Server 2016 with SQL Server 2017 Standard,ami-0b06f98f122fef73c,Asia Pacific (Singapore)ap-southeast-1
335,Microsoft Windows Server 2016 with SQL Server 2017 Enterprise,ami-09fc3459181546973,Asia Pacific (Singapore)ap-southeast-1
336,Microsoft Windows Server 2016 with SQL Server 2019 Standard,ami-00a4fd20799524a28,Asia Pacific (Singapore)ap-southeast-1
337,Microsoft Windows Server 2016 with SQL Server 2019 Enterprise,ami-0fdd915d2f237f5dd,Asia Pacific (Singapore)ap-southeast-1
338,Microsoft Windows Server 2012 R2 Base,ami-0e226b43935421402,Asia Pacific (Singapore)ap-southeast-1
339,Microsoft Windows Server 2012 R2 with SQL Server 2016 Standard,ami-0588a9e68ef831104,Asia Pacific (Singapore)ap-southeast-1
340,Microsoft Windows Server 2012 R2 with SQL Server 2016 Enterprise,ami-0407de8c023290507,Asia Pacific (Singapore)ap-southeast-1
341,Amazon Linux 2 LTS with SQL Server 2017 Standard,ami-06b75d008d3a996e7,Asia Pacific (Singapore)ap-southeast-1
342,Ubuntu Server 16.04 LTS (HVM) with SQL Server 2017 Standard,ami-089a7b263338ae0a9,Asia Pacific (Singapore)ap-southeast-1
343,"Amazon Linux 2 with .Net Core, PowerShell, Mono, and MATE Desktop Environment",ami-0f63b22f4f1657e9c,Asia Pacific (Singapore)ap-southeast-1
344,Amazon Linux 2 LTS with SQL Server 2019 Standard,ami-0fa5681aac8de4e28,Asia Pacific (Singapore)ap-southeast-1
345,"SUSE Linux Enterprise Server 12 SP5 (HVM), SSD Volume Type",ami-0a9a14a624a3116cf,Asia Pacific (Singapore)ap-southeast-1
346,Deep Learning Base AMI (Ubuntu 16.04) Version 23.0,ami-075205c4f9377b4fe,Asia Pacific (Singapore)ap-southeast-1
347,"Ubuntu Server 20.04 LTS (HVM), SSD Volume Type",ami-0a1a4d97d4af3009b,Asia Pacific (Singapore)ap-southeast-1
348,Deep Learning Base AMI (Amazon Linux 2) Version 23.0,ami-01cd5fd26d65157e8,Asia Pacific (Singapore)ap-southeast-1
349,Deep Learning AMI (Amazon Linux) Version 28.0,ami-018b94cf93c669362,Asia Pacific (Singapore)ap-southeast-1
350,Deep Learning Base AMI (Amazon Linux) Version 23.0,ami-02efd808adb7c8792,Asia Pacific (Singapore)ap-southeast-1
351,"Amazon Linux 2 AMI (HVM), SSD Volume Type",ami-0f310fced6141e627,Asia Pacific (Sydney)ap-southeast-2
352,"Amazon Linux AMI 2018.03.0 (HVM), SSD Volume Type",ami-0318ecd6d05daa212,Asia Pacific (Sydney)ap-southeast-2
353,Microsoft Windows Server 2019 Base,ami-008755994dfc325f7,Asia Pacific (Sydney)ap-southeast-2
354,"Red Hat Enterprise Linux 8 (HVM), SSD Volume Type",ami-07dd14faa8a17fb3e,Asia Pacific (Sydney)ap-southeast-2
355,"SUSE Linux Enterprise Server 15 SP1 (HVM), SSD Volume Type",ami-0985eb6c1f2ec1485,Asia Pacific (Sydney)ap-southeast-2
356,"Ubuntu Server 18.04 LTS (HVM), SSD Volume Type",ami-0278fe6949f6b1a06,Asia Pacific (Sydney)ap-southeast-2
357,"Ubuntu Server 16.04 LTS (HVM), SSD Volume Type",ami-0196a6e6d6129f2c8,Asia Pacific (Sydney)ap-southeast-2
358,Microsoft Windows Server 2019 Base with Containers,ami-081059acd844d5f07,Asia Pacific (Sydney)ap-southeast-2
359,Deep Learning AMI (Ubuntu 18.04) Version 28.0,ami-0a7ea003c436c4810,Asia Pacific (Sydney)ap-southeast-2
360,Deep Learning AMI (Ubuntu 16.04) Version 28.0,ami-026da8f925fbd0da8,Asia Pacific (Sydney)ap-southeast-2
361,Deep Learning AMI (Amazon Linux 2) Version 28.0,ami-06be0e1a276d10e8c,Asia Pacific (Sydney)ap-southeast-2
362,Deep Learning Base AMI (Ubuntu 18.04) Version 23.0,ami-09d8b0e2aa938650b,Asia Pacific (Sydney)ap-southeast-2
363,Microsoft Windows Server 2019 with SQL Server 2017 Standard,ami-05d0714e0ed8a9970,Asia Pacific (Sydney)ap-southeast-2
364,Microsoft Windows Server 2019 with SQL Server 2017 Enterprise,ami-0915a388c1d563c39,Asia Pacific (Sydney)ap-southeast-2
365,Microsoft Windows Server 2019 with SQL Server 2019 Standard,ami-0fcd9ac282b82fac3,Asia Pacific (Sydney)ap-southeast-2
366,Microsoft Windows Server 2019 with SQL Server 2019 Enterprise,ami-0c51043d9a8b2b39a,Asia Pacific (Sydney)ap-southeast-2
367,Microsoft Windows Server 1909 Core Base,ami-07ed5752f1df4a0dd,Asia Pacific (Sydney)ap-southeast-2
368,Microsoft Windows Server 2016 Base,ami-0f15599e3fcc4b8a4,Asia Pacific (Sydney)ap-southeast-2
369,Microsoft Windows Server 2016 Base with Containers,ami-0db81464bc3258edd,Asia Pacific (Sydney)ap-southeast-2
370,Deep Learning AMI (Microsoft Windows Server 2016),ami-0987dac9cceafbd7d,Asia Pacific (Sydney)ap-southeast-2
371,Microsoft Windows Server 2016 with SQL Server 2016 Standard,ami-089d5679efc03b419,Asia Pacific (Sydney)ap-southeast-2
372,Microsoft Windows Server 2016 with SQL Server 2016 Enterprise,ami-0b2451ccb18650856,Asia Pacific (Sydney)ap-southeast-2
373,Microsoft Windows Server 2016 with SQL Server 2017 Standard,ami-053e60ecd311ad2ef,Asia Pacific (Sydney)ap-southeast-2
374,Microsoft Windows Server 2016 with SQL Server 2017 Enterprise,ami-0b8acaf2028916914,Asia Pacific (Sydney)ap-southeast-2
375,Microsoft Windows Server 2016 with SQL Server 2019 Standard,ami-03c0d28b1a22f20eb,Asia Pacific (Sydney)ap-southeast-2
376,Microsoft Windows Server 2016 with SQL Server 2019 Enterprise,ami-00bc5162f3b16af70,Asia Pacific (Sydney)ap-southeast-2
377,Microsoft Windows Server 2012 R2 Base,ami-0d219ad6996311a75,Asia Pacific (Sydney)ap-southeast-2
378,Microsoft Windows Server 2012 R2 with SQL Server 2016 Standard,ami-0cdc7d479cf199639,Asia Pacific (Sydney)ap-southeast-2
379,Microsoft Windows Server 2012 R2 with SQL Server 2016 Enterprise,ami-0385a8069c0137271,Asia Pacific (Sydney)ap-southeast-2
380,Amazon Linux 2 LTS with SQL Server 2017 Standard,ami-05a63b7c2d115a670,Asia Pacific (Sydney)ap-southeast-2
381,Ubuntu Server 16.04 LTS (HVM) with SQL Server 2017 Standard,ami-01e8f2fda624dc7b1,Asia Pacific (Sydney)ap-southeast-2
382,"Amazon Linux 2 with .Net Core, PowerShell, Mono, and MATE Desktop Environment",ami-0306bfa0e99fbe854,Asia Pacific (Sydney)ap-southeast-2
383,Amazon Linux 2 LTS with SQL Server 2019 Standard,ami-0fdb8e4af0d476233,Asia Pacific (Sydney)ap-southeast-2
384,"SUSE Linux Enterprise Server 12 SP5 (HVM), SSD Volume Type",ami-0db1d9f0c47ea98d6,Asia Pacific (Sydney)ap-southeast-2
385,Deep Learning Base AMI (Ubuntu 16.04) Version 23.0,ami-0ec39637072ab3f4e,Asia Pacific (Sydney)ap-southeast-2
386,"Ubuntu Server 20.04 LTS (HVM), SSD Volume Type",ami-0c1ac8728ef7f87a4,Asia Pacific (Sydney)ap-southeast-2
387,Deep Learning Base AMI (Amazon Linux 2) Version 23.0,ami-0de86d37d668105e4,Asia Pacific (Sydney)ap-southeast-2
388,Deep Learning AMI (Amazon Linux) Version 28.0,ami-051de702cf2b3d769,Asia Pacific (Sydney)ap-southeast-2
389,Deep Learning Base AMI (Amazon Linux) Version 23.0,ami-0810a7335f8b8e2fb,Asia Pacific (Sydney)ap-southeast-2
390,"Amazon Linux 2 AMI (HVM), SSD Volume Type",ami-054362537f5132ce2,Asia Pacific (Tokyo)ap-northeast-1
391,"Amazon Linux AMI 2018.03.0 (HVM), SSD Volume Type",ami-021321e9bc16d5186,Asia Pacific (Tokyo)ap-northeast-1
392,"Red Hat Enterprise Linux 8 (HVM), SSD Volume Type",ami-04312317b9c8c4b51,Asia Pacific (Tokyo)ap-northeast-1
393,"SUSE Linux Enterprise Server 15 SP1 (HVM), SSD Volume Type",ami-07563ea32a6fc69a0,Asia Pacific (Tokyo)ap-northeast-1
394,"Ubuntu Server 18.04 LTS (HVM), SSD Volume Type",ami-0edd51cc29813e254,Asia Pacific (Tokyo)ap-northeast-1
395,Microsoft Windows Server 2019 Base,ami-09318195b724a7126,Asia Pacific (Tokyo)ap-northeast-1
396,Microsoft Windows Server 2019 Base with Containers,ami-0dc739d87cdf2328f,Asia Pacific (Tokyo)ap-northeast-1
397,Microsoft Windows Server 2019 with SQL Server 2017 Standard,ami-044d980d5bab18997,Asia Pacific (Tokyo)ap-northeast-1
398,Microsoft Windows Server 2019 with SQL Server 2019 Standard,ami-0b3f712dc52ec55ec,Asia Pacific (Tokyo)ap-northeast-1
399,Microsoft Windows Server 2019 with SQL Server 2017 Enterprise,ami-0a40b6bffcf5483d9,Asia Pacific (Tokyo)ap-northeast-1
400,Microsoft Windows Server 2019 with SQL Server 2019 Enterprise,ami-09999a15faee61925,Asia Pacific (Tokyo)ap-northeast-1
401,Microsoft Windows Server 1909 Core Base,ami-0d2bbe9f4021647c6,Asia Pacific (Tokyo)ap-northeast-1
402,Microsoft Windows Server 2016 Base,ami-02c212eea0b630bbf,Asia Pacific (Tokyo)ap-northeast-1
403,Microsoft Windows Server 2016 Base with Containers,ami-0ddcbab393ab6e3f8,Asia Pacific (Tokyo)ap-northeast-1
404,Deep Learning AMI (Microsoft Windows Server 2016),ami-034175cd7c57bd912,Asia Pacific (Tokyo)ap-northeast-1
405,Microsoft Windows Server 2016 with SQL Server 2016 Standard,ami-0e7c1a86fcb75fecf,Asia Pacific (Tokyo)ap-northeast-1
406,Microsoft Windows Server 2016 with SQL Server 2016 Enterprise,ami-0aa60c5157d26dd9e,Asia Pacific (Tokyo)ap-northeast-1
407,Microsoft Windows Server 2016 with SQL Server 2017 Standard,ami-0192a45e9ba29be14,Asia Pacific (Tokyo)ap-northeast-1
408,Microsoft Windows Server 2016 with SQL Server 2017 Enterprise,ami-0aba56bec50de26af,Asia Pacific (Tokyo)ap-northeast-1
409,Microsoft Windows Server 2016 with SQL Server 2019 Standard,ami-02507915055a088cf,Asia Pacific (Tokyo)ap-northeast-1
410,Microsoft Windows Server 2016 with SQL Server 2019 Enterprise,ami-0fa324d29c584f8f6,Asia Pacific (Tokyo)ap-northeast-1
411,Microsoft Windows Server 2012 R2 Base,ami-0bc2df710357a0577,Asia Pacific (Tokyo)ap-northeast-1
412,Microsoft Windows Server 2012 R2 with SQL Server 2016 Standard,ami-064bf8c2a56749b1a,Asia Pacific (Tokyo)ap-northeast-1
413,Microsoft Windows Server 2012 R2 with SQL Server 2016 Enterprise,ami-0566e4ad35a3363db,Asia Pacific (Tokyo)ap-northeast-1
414,"SUSE Linux Enterprise Server 12 SP5 (HVM), SSD Volume Type",ami-0f2e3d8e28f0502bf,Asia Pacific (Tokyo)ap-northeast-1
415,"Ubuntu Server 16.04 LTS (HVM), SSD Volume Type",ami-03785c71db4b1f73a,Asia Pacific (Tokyo)ap-northeast-1
416,Amazon Linux 2 LTS with SQL Server 2017 Standard,ami-08130845a91cae08d,Asia Pacific (Tokyo)ap-northeast-1
417,Ubuntu Server 16.04 LTS (HVM) with SQL Server 2017 Standard,ami-0027f1867287c9d19,Asia Pacific (Tokyo)ap-northeast-1
418,"Amazon Linux 2 with .Net Core, PowerShell, Mono, and MATE Desktop Environment",ami-0b4d378812cab0d0b,Asia Pacific (Tokyo)ap-northeast-1
419,Amazon Linux 2 LTS with SQL Server 2019 Standard,ami-053e140705ad8edc2,Asia Pacific (Tokyo)ap-northeast-1
420,Deep Learning AMI (Ubuntu 18.04) Version 28.0,ami-0544d44e4696ab00f,Asia Pacific (Tokyo)ap-northeast-1
421,Deep Learning AMI (Ubuntu 16.04) Version 28.0,ami-0fbcbca81c9cb7cef,Asia Pacific (Tokyo)ap-northeast-1
422,Deep Learning AMI (Amazon Linux 2) Version 28.0,ami-06474918e0ca69f51,Asia Pacific (Tokyo)ap-northeast-1
423,Deep Learning Base AMI (Ubuntu 18.04) Version 23.0,ami-0ae4213032047593a,Asia Pacific (Tokyo)ap-northeast-1
424,Deep Learning Base AMI (Ubuntu 16.04) Version 23.0,ami-0a5e9d50a93827435,Asia Pacific (Tokyo)ap-northeast-1
425,"Ubuntu Server 20.04 LTS (HVM), SSD Volume Type",ami-08a6203f59f9df866,Asia Pacific (Tokyo)ap-northeast-1
426,Deep Learning Base AMI (Amazon Linux 2) Version 23.0,ami-072dcae4b37eeefc6,Asia Pacific (Tokyo)ap-northeast-1
427,Deep Learning AMI (Amazon Linux) Version 28.0,ami-0e5c8004bd578fde5,Asia Pacific (Tokyo)ap-northeast-1
428,Deep Learning Base AMI (Amazon Linux) Version 23.0,ami-0d77ea975a6a6416c,Asia Pacific (Tokyo)ap-northeast-1
429,"Amazon Linux 2 AMI (HVM), SSD Volume Type",ami-076431be05aaf8080,Canada (Central)ca-central-1
430,"Amazon Linux AMI 2018.03.0 (HVM), SSD Volume Type",ami-03ab4e8f1d88ce614,Canada (Central)ca-central-1
431,"Red Hat Enterprise Linux 8 (HVM), SSD Volume Type",ami-07dfba995513840b5,Canada (Central)ca-central-1
432,"SUSE Linux Enterprise Server 15 SP1 (HVM), SSD Volume Type",ami-0d63f0d5c7bc514dd,Canada (Central)ca-central-1
433,"Ubuntu Server 18.04 LTS (HVM), SSD Volume Type",ami-0e342d72b12109f91,Canada (Central)ca-central-1
434,Microsoft Windows Server 2019 Base,ami-06f553152bb794f14,Canada (Central)ca-central-1
435,Microsoft Windows Server 2019 Base with Containers,ami-0c2ab564a5f8a25a2,Canada (Central)ca-central-1
436,Microsoft Windows Server 2019 with SQL Server 2017 Standard,ami-0488ca145f4365a97,Canada (Central)ca-central-1
437,Microsoft Windows Server 2019 with SQL Server 2019 Standard,ami-089051f8f7193c5b7,Canada (Central)ca-central-1
438,Microsoft Windows Server 2019 with SQL Server 2017 Enterprise,ami-088668793e60f70b3,Canada (Central)ca-central-1
439,Microsoft Windows Server 2019 with SQL Server 2019 Enterprise,ami-009a14c72df104256,Canada (Central)ca-central-1
440,Microsoft Windows Server 1909 Core Base,ami-00274e6cd1a059d42,Canada (Central)ca-central-1
441,Microsoft Windows Server 2016 Base,ami-0e8ecd9d5c3d37a71,Canada (Central)ca-central-1
442,Microsoft Windows Server 2016 Base with Containers,ami-0d6f26b76183be534,Canada (Central)ca-central-1
443,Deep Learning AMI (Microsoft Windows Server 2016),ami-0e0768e5a9ef4f717,Canada (Central)ca-central-1
444,Microsoft Windows Server 2016 with SQL Server 2016 Standard,ami-0efebbc35e2baf738,Canada (Central)ca-central-1
445,Microsoft Windows Server 2016 with SQL Server 2016 Enterprise,ami-0411f1d63d1e30013,Canada (Central)ca-central-1
446,Microsoft Windows Server 2016 with SQL Server 2017 Standard,ami-0b941485222fb0e21,Canada (Central)ca-central-1
447,Microsoft Windows Server 2016 with SQL Server 2017 Enterprise,ami-04e5fa357d8d94758,Canada (Central)ca-central-1
448,"SUSE Linux Enterprise Server 12 SP5 (HVM), SSD Volume Type",ami-08060c2436cef41e7,Canada (Central)ca-central-1
449,"Ubuntu Server 16.04 LTS (HVM), SSD Volume Type",ami-0bad2b43a871348da,Canada (Central)ca-central-1
450,Microsoft Windows Server 2016 with SQL Server 2019 Standard,ami-0f0390131c86ff9b6,Canada (Central)ca-central-1
451,Microsoft Windows Server 2016 with SQL Server 2019 Enterprise,ami-02e0de3f70f1653ee,Canada (Central)ca-central-1
452,Microsoft Windows Server 2012 R2 Base,ami-05b57adfb2ffe642d,Canada (Central)ca-central-1
453,Microsoft Windows Server 2012 R2 with SQL Server 2016 Standard,ami-015879de954bccf68,Canada (Central)ca-central-1
454,Microsoft Windows Server 2012 R2 with SQL Server 2016 Enterprise,ami-0c301911cebc13ef5,Canada (Central)ca-central-1
455,Amazon Linux 2 LTS with SQL Server 2017 Standard,ami-0cf8523c53c0eece9,Canada (Central)ca-central-1
456,Ubuntu Server 16.04 LTS (HVM) with SQL Server 2017 Standard,ami-0b793c1e0d1dc4d28,Canada (Central)ca-central-1
457,"Amazon Linux 2 with .Net Core, PowerShell, Mono, and MATE Desktop Environment",ami-058583e313ae1a1c3,Canada (Central)ca-central-1
458,Amazon Linux 2 LTS with SQL Server 2019 Standard,ami-0db19d116257691cc,Canada (Central)ca-central-1
459,Deep Learning AMI (Ubuntu 18.04) Version 28.0,ami-0f162c7e9b0e7d6f1,Canada (Central)ca-central-1
460,Deep Learning AMI (Ubuntu 16.04) Version 28.0,ami-0f171568b3ed81313,Canada (Central)ca-central-1
461,Deep Learning AMI (Amazon Linux 2) Version 28.0,ami-04ce83bec025311b6,Canada (Central)ca-central-1
462,Deep Learning Base AMI (Ubuntu 18.04) Version 23.0,ami-0163b0951ed4a6b22,Canada (Central)ca-central-1
463,Deep Learning Base AMI (Ubuntu 16.04) Version 23.0,ami-0c52cd11e25bc8619,Canada (Central)ca-central-1
464,"Ubuntu Server 20.04 LTS (HVM), SSD Volume Type",ami-05c26ae4789875080,Canada (Central)ca-central-1
465,Deep Learning Base AMI (Amazon Linux 2) Version 23.0,ami-07b0ec25de7cf12d7,Canada (Central)ca-central-1
466,Deep Learning AMI (Amazon Linux) Version 28.0,ami-0a5612bca5cd58831,Canada (Central)ca-central-1
467,Deep Learning Base AMI (Amazon Linux) Version 23.0,ami-0758fdcffd21727d2,Canada (Central)ca-central-1
468,"Amazon Linux 2 AMI (HVM), SSD Volume Type",ami-06ce3edf0cff21f07,Europe (Frankfurt)eu-central-1
469,"Amazon Linux AMI 2018.03.0 (HVM), SSD Volume Type",ami-00890f614e48ce866,Europe (Frankfurt)eu-central-1
470,"Red Hat Enterprise Linux 8 (HVM), SSD Volume Type",ami-08f4717d06813bf00,Europe (Frankfurt)eu-central-1
471,"SUSE Linux Enterprise Server 15 SP1 (HVM), SSD Volume Type",ami-02ecd61acb94c136d,Europe (Frankfurt)eu-central-1
472,"Ubuntu Server 20.04 LTS (HVM), SSD Volume Type",ami-0dad359ff462124ca,Europe (Frankfurt)eu-central-1
473,"Ubuntu Server 16.04 LTS (HVM), SSD Volume Type",ami-0f2ed58082cb08a4d,Europe (Frankfurt)eu-central-1
474,Microsoft Windows Server 2019 Base,ami-07c8a3a59f2f7305b,Europe (Frankfurt)eu-central-1
475,Deep Learning AMI (Ubuntu 18.04) Version 28.0,ami-032685fc28d01c69a,Europe (Frankfurt)eu-central-1
476,Deep Learning AMI (Ubuntu 16.04) Version 28.0,ami-0d9f883793fa9d2dc,Europe (Frankfurt)eu-central-1
477,Deep Learning AMI (Amazon Linux 2) Version 28.0,ami-02e2f5d224fd24875,Europe (Frankfurt)eu-central-1
478,Deep Learning Base AMI (Ubuntu 18.04) Version 23.0,ami-0616c47ad4bdb9634,Europe (Frankfurt)eu-central-1
479,Microsoft Windows Server 2019 Base with Containers,ami-0b809eef92577a4f1,Europe (Frankfurt)eu-central-1
480,Microsoft Windows Server 2019 with SQL Server 2017 Standard,ami-06744ecb436686032,Europe (Frankfurt)eu-central-1
481,Microsoft Windows Server 2019 with SQL Server 2017 Enterprise,ami-0f4296001cf590f3f,Europe (Frankfurt)eu-central-1
482,Microsoft Windows Server 2019 with SQL Server 2019 Standard,ami-0a220f608638de23f,Europe (Frankfurt)eu-central-1
483,Microsoft Windows Server 2019 with SQL Server 2019 Enterprise,ami-05ab0a6f179ff60fd,Europe (Frankfurt)eu-central-1
484,Microsoft Windows Server 1909 Core Base,ami-02a90587429bdbcd0,Europe (Frankfurt)eu-central-1
485,Microsoft Windows Server 2016 Base,ami-0d3e6055f3c1699c6,Europe (Frankfurt)eu-central-1
486,Microsoft Windows Server 2016 Base with Containers,ami-09f282bc8e98705e1,Europe (Frankfurt)eu-central-1
487,Deep Learning AMI (Microsoft Windows Server 2016),ami-02e2e546608cc688b,Europe (Frankfurt)eu-central-1
488,Microsoft Windows Server 2016 with SQL Server 2016 Standard,ami-040c410df885f0b47,Europe (Frankfurt)eu-central-1
489,Microsoft Windows Server 2016 with SQL Server 2016 Enterprise,ami-019da21c36a666084,Europe (Frankfurt)eu-central-1
490,Microsoft Windows Server 2016 with SQL Server 2017 Standard,ami-018df39602e398539,Europe (Frankfurt)eu-central-1
491,Microsoft Windows Server 2016 with SQL Server 2017 Enterprise,ami-0e6c96c72fc970233,Europe (Frankfurt)eu-central-1
492,Microsoft Windows Server 2016 with SQL Server 2019 Standard,ami-058e952e17eec7722,Europe (Frankfurt)eu-central-1
493,Microsoft Windows Server 2016 with SQL Server 2019 Enterprise,ami-0fc3cde10a3a0d935,Europe (Frankfurt)eu-central-1
494,Microsoft Windows Server 2012 R2 Base,ami-00d6df90f231e6252,Europe (Frankfurt)eu-central-1
495,Microsoft Windows Server 2012 R2 with SQL Server 2016 Standard,ami-011db74617f6856bd,Europe (Frankfurt)eu-central-1
496,Microsoft Windows Server 2012 R2 with SQL Server 2016 Enterprise,ami-08d4694da8c756e3e,Europe (Frankfurt)eu-central-1
497,Amazon Linux 2 LTS with SQL Server 2017 Standard,ami-0148487d6e97837df,Europe (Frankfurt)eu-central-1
498,Ubuntu Server 16.04 LTS (HVM) with SQL Server 2017 Standard,ami-0662ecbbfca8d515e,Europe (Frankfurt)eu-central-1
499,"Amazon Linux 2 with .Net Core, PowerShell, Mono, and MATE Desktop Environment",ami-012ef94cc795bd302,Europe (Frankfurt)eu-central-1
500,Amazon Linux 2 LTS with SQL Server 2019 Standard,ami-00522fd8ab04e8d64,Europe (Frankfurt)eu-central-1
501,"SUSE Linux Enterprise Server 12 SP5 (HVM), SSD Volume Type",ami-0a3ee58747105ce46,Europe (Frankfurt)eu-central-1
502,Deep Learning Base AMI (Ubuntu 16.04) Version 23.0,ami-0d8e43003cce514be,Europe (Frankfurt)eu-central-1
503,"Ubuntu Server 20.04 LTS (HVM), SSD Volume Type",ami-0dad359ff462124ca,Europe (Frankfurt)eu-central-1
504,Deep Learning Base AMI (Amazon Linux 2) Version 23.0,ami-0e034bebfec4414c1,Europe (Frankfurt)eu-central-1
505,Deep Learning AMI (Amazon Linux) Version 28.0,ami-017a2a4cb83522a6f,Europe (Frankfurt)eu-central-1
506,Deep Learning Base AMI (Amazon Linux) Version 23.0,ami-0dfc7f97c5854ee56,Europe (Frankfurt)eu-central-1
507,"Amazon Linux 2 AMI (HVM), SSD Volume Type",ami-01a6e31ac994bbc09,Europe (Ireland)eu-west-1
508,"Amazon Linux AMI 2018.03.0 (HVM), SSD Volume Type",ami-0596aab74a1ce3983,Europe (Ireland)eu-west-1
509,"Red Hat Enterprise Linux 8 (HVM), SSD Volume Type",ami-0fc841be1f929d7d1,Europe (Ireland)eu-west-1
510,"SUSE Linux Enterprise Server 15 SP1 (HVM), SSD Volume Type",ami-0cb6906963954f950,Europe (Ireland)eu-west-1
511,"Ubuntu Server 20.04 LTS (HVM), SSD Volume Type",ami-0917237b4e71c5759,Europe (Ireland)eu-west-1
512,Microsoft Windows Server 2019 Base,ami-0355df7fad2bfb4f9,Europe (Ireland)eu-west-1
513,Microsoft Windows Server 2019 Base with Containers,ami-050fc0b4dd810bb25,Europe (Ireland)eu-west-1
514,Microsoft Windows Server 2019 with SQL Server 2017 Standard,ami-0fdda8e5cf6235ee1,Europe (Ireland)eu-west-1
515,Microsoft Windows Server 2019 with SQL Server 2017 Enterprise,ami-0cbb59b87a161df79,Europe (Ireland)eu-west-1
516,Microsoft Windows Server 2019 with SQL Server 2019 Standard,ami-0a41bd92f4dd3f9ab,Europe (Ireland)eu-west-1
517,Microsoft Windows Server 2019 with SQL Server 2019 Enterprise,ami-0d00fc10675f4f2d2,Europe (Ireland)eu-west-1
518,Microsoft Windows Server 1909 Core Base,ami-016877f2be5090e4c,Europe (Ireland)eu-west-1
519,Microsoft Windows Server 2016 Base,ami-01de3128ed02d9e1c,Europe (Ireland)eu-west-1
520,Microsoft Windows Server 2016 Base with Containers,ami-01ac8d318d906781e,Europe (Ireland)eu-west-1
521,Deep Learning AMI (Microsoft Windows Server 2016),ami-03499f1496a8b6420,Europe (Ireland)eu-west-1
522,Microsoft Windows Server 2016 with SQL Server 2016 Standard,ami-0cb3f7ae14895d897,Europe (Ireland)eu-west-1
523,Microsoft Windows Server 2016 with SQL Server 2016 Enterprise,ami-0b1d23ae8ae4b3878,Europe (Ireland)eu-west-1
524,Microsoft Windows Server 2016 with SQL Server 2017 Standard,ami-068742c48a1a262d1,Europe (Ireland)eu-west-1
525,Microsoft Windows Server 2016 with SQL Server 2017 Enterprise,ami-066e0eb7da5b4fc83,Europe (Ireland)eu-west-1
526,Microsoft Windows Server 2016 with SQL Server 2019 Standard,ami-0041f6016ad080f88,Europe (Ireland)eu-west-1
527,Microsoft Windows Server 2016 with SQL Server 2019 Enterprise,ami-0ecf5e188f97b3d2a,Europe (Ireland)eu-west-1
528,Microsoft Windows Server 2012 R2 Base,ami-08f01a0f48406eafd,Europe (Ireland)eu-west-1
529,Microsoft Windows Server 2012 R2 with SQL Server 2016 Standard,ami-033462f0dd552e3fc,Europe (Ireland)eu-west-1
530,Microsoft Windows Server 2012 R2 with SQL Server 2016 Enterprise,ami-0bdde6267509cf9eb,Europe (Ireland)eu-west-1
531,"SUSE Linux Enterprise Server 12 SP5 (HVM), SSD Volume Type",ami-07d8d2cb6b1529ff4,Europe (Ireland)eu-west-1
532,"Ubuntu Server 16.04 LTS (HVM), SSD Volume Type",ami-0b1912235a9e70540,Europe (Ireland)eu-west-1
533,Amazon Linux 2 LTS with SQL Server 2017 Standard,ami-02b0feb28fe721c8f,Europe (Ireland)eu-west-1
534,Ubuntu Server 16.04 LTS (HVM) with SQL Server 2017 Standard,ami-0eed514a7e24beaab,Europe (Ireland)eu-west-1
535,"Amazon Linux 2 with .Net Core, PowerShell, Mono, and MATE Desktop Environment",ami-06b6dafd50fc45e21,Europe (Ireland)eu-west-1
536,Amazon Linux 2 LTS with SQL Server 2019 Standard,ami-0a8ad0838f9402065,Europe (Ireland)eu-west-1
537,Deep Learning AMI (Ubuntu 18.04) Version 28.0,ami-0ae78791b205012af,Europe (Ireland)eu-west-1
538,Deep Learning AMI (Ubuntu 16.04) Version 28.0,ami-0f3c96bbbe1782f6e,Europe (Ireland)eu-west-1
539,Deep Learning AMI (Amazon Linux 2) Version 28.0,ami-05c7eab908c60d861,Europe (Ireland)eu-west-1
540,Deep Learning Base AMI (Ubuntu 18.04) Version 23.0,ami-01d420476dba6515b,Europe (Ireland)eu-west-1
541,Deep Learning Base AMI (Ubuntu 16.04) Version 23.0,ami-0a0c9da65a6b13d7f,Europe (Ireland)eu-west-1
542,"Ubuntu Server 20.04 LTS (HVM), SSD Volume Type",ami-0917237b4e71c5759,Europe (Ireland)eu-west-1
543,Deep Learning Base AMI (Amazon Linux 2) Version 23.0,ami-05965e78414af122c,Europe (Ireland)eu-west-1
544,Deep Learning AMI (Amazon Linux) Version 28.0,ami-0dbe24be3f6626e8d,Europe (Ireland)eu-west-1
545,Deep Learning Base AMI (Amazon Linux) Version 23.0,ami-00cb7e3296ae42af2,Europe (Ireland)eu-west-1
546,"Amazon Linux 2 AMI (HVM), SSD Volume Type",ami-01a6e31ac994bbc09,Europe (London)eu-west-2
547,"Amazon Linux AMI 2018.03.0 (HVM), SSD Volume Type",ami-0596aab74a1ce3983,Europe (London)eu-west-2
548,"Red Hat Enterprise Linux 8 (HVM), SSD Volume Type",ami-0fc841be1f929d7d1,Europe (London)eu-west-2
549,"SUSE Linux Enterprise Server 15 SP1 (HVM), SSD Volume Type",ami-0cb6906963954f950,Europe (London)eu-west-2
550,"Ubuntu Server 20.04 LTS (HVM), SSD Volume Type",ami-0917237b4e71c5759,Europe (London)eu-west-2
551,Microsoft Windows Server 2019 Base,ami-0355df7fad2bfb4f9,Europe (London)eu-west-2
552,Microsoft Windows Server 2019 Base with Containers,ami-050fc0b4dd810bb25,Europe (London)eu-west-2
553,Microsoft Windows Server 2019 with SQL Server 2017 Standard,ami-0fdda8e5cf6235ee1,Europe (London)eu-west-2
554,Microsoft Windows Server 2019 with SQL Server 2017 Enterprise,ami-0cbb59b87a161df79,Europe (London)eu-west-2
555,Microsoft Windows Server 2019 with SQL Server 2019 Standard,ami-0a41bd92f4dd3f9ab,Europe (London)eu-west-2
556,Microsoft Windows Server 2019 with SQL Server 2019 Enterprise,ami-0d00fc10675f4f2d2,Europe (London)eu-west-2
557,Microsoft Windows Server 1909 Core Base,ami-016877f2be5090e4c,Europe (London)eu-west-2
558,Microsoft Windows Server 2016 Base,ami-01de3128ed02d9e1c,Europe (London)eu-west-2
559,Microsoft Windows Server 2016 Base with Containers,ami-01ac8d318d906781e,Europe (London)eu-west-2
560,Deep Learning AMI (Microsoft Windows Server 2016),ami-03499f1496a8b6420,Europe (London)eu-west-2
561,Microsoft Windows Server 2016 with SQL Server 2016 Standard,ami-0cb3f7ae14895d897,Europe (London)eu-west-2
562,Microsoft Windows Server 2016 with SQL Server 2016 Enterprise,ami-0b1d23ae8ae4b3878,Europe (London)eu-west-2
563,Microsoft Windows Server 2016 with SQL Server 2017 Standard,ami-068742c48a1a262d1,Europe (London)eu-west-2
564,Microsoft Windows Server 2016 with SQL Server 2017 Enterprise,ami-066e0eb7da5b4fc83,Europe (London)eu-west-2
565,Microsoft Windows Server 2016 with SQL Server 2019 Standard,ami-0041f6016ad080f88,Europe (London)eu-west-2
566,Microsoft Windows Server 2016 with SQL Server 2019 Enterprise,ami-0ecf5e188f97b3d2a,Europe (London)eu-west-2
567,Microsoft Windows Server 2012 R2 Base,ami-08f01a0f48406eafd,Europe (London)eu-west-2
568,Microsoft Windows Server 2012 R2 with SQL Server 2016 Standard,ami-033462f0dd552e3fc,Europe (London)eu-west-2
569,Microsoft Windows Server 2012 R2 with SQL Server 2016 Enterprise,ami-0bdde6267509cf9eb,Europe (London)eu-west-2
570,"SUSE Linux Enterprise Server 12 SP5 (HVM), SSD Volume Type",ami-07d8d2cb6b1529ff4,Europe (London)eu-west-2
571,"Ubuntu Server 16.04 LTS (HVM), SSD Volume Type",ami-0b1912235a9e70540,Europe (London)eu-west-2
572,Amazon Linux 2 LTS with SQL Server 2017 Standard,ami-02b0feb28fe721c8f,Europe (London)eu-west-2
573,Ubuntu Server 16.04 LTS (HVM) with SQL Server 2017 Standard,ami-0eed514a7e24beaab,Europe (London)eu-west-2
574,"Amazon Linux 2 with .Net Core, PowerShell, Mono, and MATE Desktop Environment",ami-06b6dafd50fc45e21,Europe (London)eu-west-2
575,Amazon Linux 2 LTS with SQL Server 2019 Standard,ami-0a8ad0838f9402065,Europe (London)eu-west-2
576,Deep Learning AMI (Ubuntu 18.04) Version 28.0,ami-0ae78791b205012af,Europe (London)eu-west-2
577,Deep Learning AMI (Ubuntu 16.04) Version 28.0,ami-0f3c96bbbe1782f6e,Europe (London)eu-west-2
578,Deep Learning AMI (Amazon Linux 2) Version 28.0,ami-05c7eab908c60d861,Europe (London)eu-west-2
579,Deep Learning Base AMI (Ubuntu 18.04) Version 23.0,ami-01d420476dba6515b,Europe (London)eu-west-2
580,Deep Learning Base AMI (Ubuntu 16.04) Version 23.0,ami-0a0c9da65a6b13d7f,Europe (London)eu-west-2
581,"Ubuntu Server 20.04 LTS (HVM), SSD Volume Type",ami-0917237b4e71c5759,Europe (London)eu-west-2
582,Deep Learning Base AMI (Amazon Linux 2) Version 23.0,ami-05965e78414af122c,Europe (London)eu-west-2
583,Deep Learning AMI (Amazon Linux) Version 28.0,ami-0dbe24be3f6626e8d,Europe (London)eu-west-2
584,Deep Learning Base AMI (Amazon Linux) Version 23.0,ami-00cb7e3296ae42af2,Europe (London)eu-west-2
585,"Amazon Linux 2 AMI (HVM), SSD Volume Type",ami-00077e3fed5089981,Europe (Milan)eu-south-1
586,"Amazon Linux AMI 2018.03.0 (HVM), SSD Volume Type",ami-06cba15121418cdcb,Europe (Milan)eu-south-1
587,"SUSE Linux Enterprise Server 15 SP1 (HVM), SSD Volume Type",ami-0fd378c51c99847e9,Europe (Milan)eu-south-1
588,"Ubuntu Server 18.04 LTS (HVM), SSD Volume Type",ami-08c757228751c5335,Europe (Milan)eu-south-1
589,"Ubuntu Server 16.04 LTS (HVM), SSD Volume Type",ami-0b92a0ac418c64fb1,Europe (Milan)eu-south-1
590,"Red Hat Enterprise Linux 8 (HVM), SSD Volume Type",ami-09e973def6bd1ad96,Europe (Milan)eu-south-1
591,Microsoft Windows Server 2019 Base,ami-0fbd0855b000b195a,Europe (Milan)eu-south-1
592,Deep Learning AMI (Ubuntu 18.04) Version 28.0,ami-01cd38d6461342cac,Europe (Milan)eu-south-1
593,Deep Learning AMI (Ubuntu 16.04) Version 28.0,ami-0a2174d31ef46133c,Europe (Milan)eu-south-1
594,Deep Learning AMI (Amazon Linux 2) Version 28.0,ami-08e95c8eab7d106d5,Europe (Milan)eu-south-1
595,Deep Learning Base AMI (Ubuntu 18.04) Version 23.0,ami-037e5d61d67155de0,Europe (Milan)eu-south-1
596,Microsoft Windows Server 2019 Base with Containers,ami-029e1ebbc5ea7841d,Europe (Milan)eu-south-1
597,Microsoft Windows Server 2019 with SQL Server 2017 Standard,ami-087509066aaad6c16,Europe (Milan)eu-south-1
598,Microsoft Windows Server 2019 with SQL Server 2017 Enterprise,ami-06c09eff4ee9e62a5,Europe (Milan)eu-south-1
599,Microsoft Windows Server 2019 with SQL Server 2019 Standard,ami-0311ed58ac60cd640,Europe (Milan)eu-south-1
600,Microsoft Windows Server 2019 with SQL Server 2019 Enterprise,ami-0df4f57ceaa03004d,Europe (Milan)eu-south-1
601,Microsoft Windows Server 1909 Core Base,ami-0fb39a1a34ca488c5,Europe (Milan)eu-south-1
602,Microsoft Windows Server 2016 Base,ami-09dbf6353100bde3a,Europe (Milan)eu-south-1
603,Microsoft Windows Server 2016 Base with Containers,ami-0d52e1845ac1c5e63,Europe (Milan)eu-south-1
604,Deep Learning AMI (Microsoft Windows Server 2016),ami-0184574cf7802d411,Europe (Milan)eu-south-1
605,Microsoft Windows Server 2016 with SQL Server 2016 Standard,ami-03f3facc2e4918a77,Europe (Milan)eu-south-1
606,Microsoft Windows Server 2016 with SQL Server 2016 Enterprise,ami-0cbf363815c1465bf,Europe (Milan)eu-south-1
607,Microsoft Windows Server 2016 with SQL Server 2017 Standard,ami-007821d5b10bd41d0,Europe (Milan)eu-south-1
608,Microsoft Windows Server 2016 with SQL Server 2017 Enterprise,ami-015a27cfe59ecc263,Europe (Milan)eu-south-1
609,Microsoft Windows Server 2016 with SQL Server 2019 Standard,ami-0e36c2d2712d0e0ba,Europe (Milan)eu-south-1
610,Microsoft Windows Server 2016 with SQL Server 2019 Enterprise,ami-0a1f8bd874657a067,Europe (Milan)eu-south-1
611,Microsoft Windows Server 2012 R2 Base,ami-09acbefee6ea3135f,Europe (Milan)eu-south-1
612,Microsoft Windows Server 2012 R2 with SQL Server 2016 Standard,ami-035897b4588780d11,Europe (Milan)eu-south-1
613,Microsoft Windows Server 2012 R2 with SQL Server 2016 Enterprise,ami-063655e187042ad30,Europe (Milan)eu-south-1
614,Amazon Linux 2 LTS with SQL Server 2017 Standard,ami-0a3c798a88f4c5d0b,Europe (Milan)eu-south-1
615,Ubuntu Server 16.04 LTS (HVM) with SQL Server 2017 Standard,ami-0f447a1f30868b20d,Europe (Milan)eu-south-1
616,"Amazon Linux 2 with .Net Core, PowerShell, Mono, and MATE Desktop Environment",ami-0762dea53b713e04a,Europe (Milan)eu-south-1
617,Amazon Linux 2 LTS with SQL Server 2019 Standard,ami-053a4ce429b5612e3,Europe (Milan)eu-south-1
618,"SUSE Linux Enterprise Server 12 SP5 (HVM), SSD Volume Type",ami-066d51a95fd0ce50f,Europe (Milan)eu-south-1
619,"Ubuntu Server 20.04 LTS (HVM), SSD Volume Type",ami-0e60c6afa19d896ee,Europe (Milan)eu-south-1
620,Deep Learning Base AMI (Ubuntu 16.04) Version 23.0,ami-0cdb0e3f9f038b49f,Europe (Milan)eu-south-1
621,Deep Learning Base AMI (Amazon Linux 2) Version 23.0,ami-0eaa11ef0f8362e89,Europe (Milan)eu-south-1
622,Deep Learning AMI (Amazon Linux) Version 28.0,ami-0db76d6fa830dbe24,Europe (Milan)eu-south-1
623,Deep Learning Base AMI (Amazon Linux) Version 23.0,ami-0e7fe93f6241ce230,Europe (Milan)eu-south-1
624,"Amazon Linux 2 AMI (HVM), SSD Volume Type",ami-0b7a46b4bd694e8a6,Europe (Paris)eu-west-3
625,"Amazon Linux AMI 2018.03.0 (HVM), SSD Volume Type",ami-0c5254b956817b326,Europe (Paris)eu-west-3
626,"SUSE Linux Enterprise Server 15 SP1 (HVM), SSD Volume Type",ami-07db43804309cb7d9,Europe (Paris)eu-west-3
627,"Ubuntu Server 18.04 LTS (HVM), SSD Volume Type",ami-050981837962d44ac,Europe (Paris)eu-west-3
628,"Ubuntu Server 16.04 LTS (HVM), SSD Volume Type",ami-0caae0b310f01ff33,Europe (Paris)eu-west-3
629,"Red Hat Enterprise Linux 8 (HVM), SSD Volume Type",ami-0b149b24810ebb323,Europe (Paris)eu-west-3
630,Microsoft Windows Server 2019 Base,ami-0bbfdde55cb1b4726,Europe (Paris)eu-west-3
631,Microsoft Windows Server 2019 Base with Containers,ami-0252ffcc76c114110,Europe (Paris)eu-west-3
632,Microsoft Windows Server 2019 with SQL Server 2017 Standard,ami-02e42b236be215efc,Europe (Paris)eu-west-3
633,Microsoft Windows Server 2019 with SQL Server 2017 Enterprise,ami-068d35e39abd3f9ce,Europe (Paris)eu-west-3
634,Microsoft Windows Server 2019 with SQL Server 2019 Standard,ami-0d16d2e196e6faea7,Europe (Paris)eu-west-3
635,Microsoft Windows Server 2019 with SQL Server 2019 Enterprise,ami-00a7529328fae5d5a,Europe (Paris)eu-west-3
636,Microsoft Windows Server 1909 Core Base,ami-081f8a54f20231e21,Europe (Paris)eu-west-3
637,Microsoft Windows Server 1903 Core Base,ami-03f387263cd26174a,Europe (Paris)eu-west-3
638,Microsoft Windows Server 2016 Base,ami-0b4717387ab9627fd,Europe (Paris)eu-west-3
639,Microsoft Windows Server 2016 Base with Containers,ami-02134d5886756159a,Europe (Paris)eu-west-3
640,Deep Learning AMI (Microsoft Windows Server 2016),ami-001d4620f42de3def,Europe (Paris)eu-west-3
641,Microsoft Windows Server 2016 with SQL Server 2016 Standard,ami-0fa7073f55c3b38f1,Europe (Paris)eu-west-3
642,Microsoft Windows Server 2016 with SQL Server 2016 Enterprise,ami-0ab55588dbf87e246,Europe (Paris)eu-west-3
643,Microsoft Windows Server 2016 with SQL Server 2017 Standard,ami-064d27fe7837fa561,Europe (Paris)eu-west-3
644,Microsoft Windows Server 2016 with SQL Server 2017 Enterprise,ami-0dbc2d5b1f1959e86,Europe (Paris)eu-west-3
645,Microsoft Windows Server 2016 with SQL Server 2019 Standard,ami-05763321e70a0cd24,Europe (Paris)eu-west-3
646,Microsoft Windows Server 2016 with SQL Server 2019 Enterprise,ami-04df82e56bdb1476f,Europe (Paris)eu-west-3
647,Microsoft Windows Server 2012 R2 Base,ami-011845d4a0725abd7,Europe (Paris)eu-west-3
648,Microsoft Windows Server 2012 R2 with SQL Server 2016 Standard,ami-0a3b77eb468d798fb,Europe (Paris)eu-west-3
649,Microsoft Windows Server 2012 R2 with SQL Server 2016 Enterprise,ami-0d46f0d4cc4ffe211,Europe (Paris)eu-west-3
650,Amazon Linux 2 LTS with SQL Server 2017 Standard,ami-0a0dc71b5791c159a,Europe (Paris)eu-west-3
651,Ubuntu Server 16.04 LTS (HVM) with SQL Server 2017 Standard,ami-03786d3a9314b7d19,Europe (Paris)eu-west-3
652,"Amazon Linux 2 with .Net Core, PowerShell, Mono, and MATE Desktop Environment",ami-01f4f8e5ea2d723cd,Europe (Paris)eu-west-3
653,Amazon Linux 2 LTS with SQL Server 2019 Standard,ami-04c17040f5200eb86,Europe (Paris)eu-west-3
654,"SUSE Linux Enterprise Server 12 SP5 (HVM), SSD Volume Type",ami-070bad0989b367ad9,Europe (Paris)eu-west-3
655,"Ubuntu Server 20.04 LTS (HVM), SSD Volume Type",ami-0d4e2b57f569e9daa,Europe (Paris)eu-west-3
656,"Amazon Linux 2 AMI (HVM), SSD Volume Type",ami-0b7a46b4bd694e8a6,Europe (Stockholm)eu-north-1
657,"Amazon Linux AMI 2018.03.0 (HVM), SSD Volume Type",ami-0c5254b956817b326,Europe (Stockholm)eu-north-1
658,"SUSE Linux Enterprise Server 15 SP1 (HVM), SSD Volume Type",ami-07db43804309cb7d9,Europe (Stockholm)eu-north-1
659,"Ubuntu Server 18.04 LTS (HVM), SSD Volume Type",ami-050981837962d44ac,Europe (Stockholm)eu-north-1
660,"Ubuntu Server 16.04 LTS (HVM), SSD Volume Type",ami-0caae0b310f01ff33,Europe (Stockholm)eu-north-1
661,"Red Hat Enterprise Linux 8 (HVM), SSD Volume Type",ami-0b149b24810ebb323,Europe (Stockholm)eu-north-1
662,Microsoft Windows Server 2019 Base,ami-0bbfdde55cb1b4726,Europe (Stockholm)eu-north-1
663,Microsoft Windows Server 2019 Base with Containers,ami-0252ffcc76c114110,Europe (Stockholm)eu-north-1
664,Microsoft Windows Server 2019 with SQL Server 2017 Standard,ami-02e42b236be215efc,Europe (Stockholm)eu-north-1
665,Microsoft Windows Server 2019 with SQL Server 2017 Enterprise,ami-068d35e39abd3f9ce,Europe (Stockholm)eu-north-1
666,Microsoft Windows Server 2019 with SQL Server 2019 Standard,ami-0d16d2e196e6faea7,Europe (Stockholm)eu-north-1
667,Microsoft Windows Server 2019 with SQL Server 2019 Enterprise,ami-00a7529328fae5d5a,Europe (Stockholm)eu-north-1
668,Microsoft Windows Server 1909 Core Base,ami-081f8a54f20231e21,Europe (Stockholm)eu-north-1
669,Microsoft Windows Server 1903 Core Base,ami-03f387263cd26174a,Europe (Stockholm)eu-north-1
670,Microsoft Windows Server 2016 Base,ami-0b4717387ab9627fd,Europe (Stockholm)eu-north-1
671,Microsoft Windows Server 2016 Base with Containers,ami-02134d5886756159a,Europe (Stockholm)eu-north-1
672,Deep Learning AMI (Microsoft Windows Server 2016),ami-001d4620f42de3def,Europe (Stockholm)eu-north-1
673,Microsoft Windows Server 2016 with SQL Server 2016 Standard,ami-0fa7073f55c3b38f1,Europe (Stockholm)eu-north-1
674,Microsoft Windows Server 2016 with SQL Server 2016 Enterprise,ami-0ab55588dbf87e246,Europe (Stockholm)eu-north-1
675,Microsoft Windows Server 2016 with SQL Server 2017 Standard,ami-064d27fe7837fa561,Europe (Stockholm)eu-north-1
676,Microsoft Windows Server 2016 with SQL Server 2017 Enterprise,ami-0dbc2d5b1f1959e86,Europe (Stockholm)eu-north-1
677,Microsoft Windows Server 2016 with SQL Server 2019 Standard,ami-05763321e70a0cd24,Europe (Stockholm)eu-north-1
678,Microsoft Windows Server 2016 with SQL Server 2019 Enterprise,ami-04df82e56bdb1476f,Europe (Stockholm)eu-north-1
679,Microsoft Windows Server 2012 R2 Base,ami-011845d4a0725abd7,Europe (Stockholm)eu-north-1
680,Microsoft Windows Server 2012 R2 with SQL Server 2016 Standard,ami-0a3b77eb468d798fb,Europe (Stockholm)eu-north-1
681,Microsoft Windows Server 2012 R2 with SQL Server 2016 Enterprise,ami-0d46f0d4cc4ffe211,Europe (Stockholm)eu-north-1
682,Amazon Linux 2 LTS with SQL Server 2017 Standard,ami-0a0dc71b5791c159a,Europe (Stockholm)eu-north-1
683,Ubuntu Server 16.04 LTS (HVM) with SQL Server 2017 Standard,ami-03786d3a9314b7d19,Europe (Stockholm)eu-north-1
684,"Amazon Linux 2 with .Net Core, PowerShell, Mono, and MATE Desktop Environment",ami-01f4f8e5ea2d723cd,Europe (Stockholm)eu-north-1
685,Amazon Linux 2 LTS with SQL Server 2019 Standard,ami-04c17040f5200eb86,Europe (Stockholm)eu-north-1
686,"SUSE Linux Enterprise Server 12 SP5 (HVM), SSD Volume Type",ami-070bad0989b367ad9,Europe (Stockholm)eu-north-1
687,"Ubuntu Server 20.04 LTS (HVM), SSD Volume Type",ami-0d4e2b57f569e9daa,Europe (Stockholm)eu-north-1
688,"Amazon Linux 2 AMI (HVM), SSD Volume Type",ami-003449ffb2605a74c,Middle East (Bahrain)me-south-1
689,"Amazon Linux AMI 2018.03.0 (HVM), SSD Volume Type",ami-03e1e4abf50e14ded,Middle East (Bahrain)me-south-1
690,"Red Hat Enterprise Linux 8 (HVM), SSD Volume Type",ami-00e63b4959e1a98b7,Middle East (Bahrain)me-south-1
691,"SUSE Linux Enterprise Server 15 SP1 (HVM), SSD Volume Type",ami-02a8f447f39e5f0d3,Middle East (Bahrain)me-south-1
692,"Ubuntu Server 18.04 LTS (HVM), SSD Volume Type",ami-077d5d3682940b34a,Middle East (Bahrain)me-south-1
693,Microsoft Windows Server 2019 Base,ami-0b3d9fa7386b999a4,Middle East (Bahrain)me-south-1
694,Deep Learning AMI (Ubuntu 18.04) Version 28.0,ami-0eb206f610b80ed4b,Middle East (Bahrain)me-south-1
695,Deep Learning AMI (Ubuntu 16.04) Version 28.0,ami-06d2949bae3658531,Middle East (Bahrain)me-south-1
696,"Ubuntu Server 16.04 LTS (HVM), SSD Volume Type",ami-0bb677666cd3fd188,Middle East (Bahrain)me-south-1
697,Deep Learning AMI (Amazon Linux 2) Version 28.0,ami-05fd37528a9c1bb92,Middle East (Bahrain)me-south-1
698,Deep Learning Base AMI (Ubuntu 18.04) Version 23.0,ami-032b2c1db65dcdf5f,Middle East (Bahrain)me-south-1
699,Microsoft Windows Server 2019 Base with Containers,ami-0f48a395d6552bf3f,Middle East (Bahrain)me-south-1
700,Microsoft Windows Server 2019 with SQL Server 2017 Standard,ami-097d07d98953037d9,Middle East (Bahrain)me-south-1
701,Microsoft Windows Server 2019 with SQL Server 2017 Enterprise,ami-053e95633633dd61d,Middle East (Bahrain)me-south-1
702,Microsoft Windows Server 2019 with SQL Server 2019 Standard,ami-0cbc1a4c21e0484b4,Middle East (Bahrain)me-south-1
703,Microsoft Windows Server 2019 with SQL Server 2019 Enterprise,ami-0906390a8ea87973c,Middle East (Bahrain)me-south-1
704,Microsoft Windows Server 1909 Core Base,ami-0893b7751369b011d,Middle East (Bahrain)me-south-1
705,Microsoft Windows Server 2016 Base,ami-08393c14aa221a1a2,Middle East (Bahrain)me-south-1
706,Microsoft Windows Server 2016 Base with Containers,ami-0aa18b1861ccd5b4b,Middle East (Bahrain)me-south-1
707,Deep Learning AMI (Microsoft Windows Server 2016),ami-017150ad02eaade59,Middle East (Bahrain)me-south-1
708,Microsoft Windows Server 2016 with SQL Server 2016 Standard,ami-0df717095a18bdd76,Middle East (Bahrain)me-south-1
709,Microsoft Windows Server 2016 with SQL Server 2016 Enterprise,ami-0a1b28e25d7c64873,Middle East (Bahrain)me-south-1
710,Microsoft Windows Server 2016 with SQL Server 2017 Standard,ami-0f44ec96808d34e67,Middle East (Bahrain)me-south-1
711,Microsoft Windows Server 2016 with SQL Server 2017 Enterprise,ami-0ba9cd1a1bd0ea0d0,Middle East (Bahrain)me-south-1
712,Microsoft Windows Server 2016 with SQL Server 2019 Standard,ami-03dd10bcd3717aee0,Middle East (Bahrain)me-south-1
713,Microsoft Windows Server 2016 with SQL Server 2019 Enterprise,ami-06705a093695ca68a,Middle East (Bahrain)me-south-1
714,Microsoft Windows Server 2012 R2 Base,ami-0ea5b29dbd7633af0,Middle East (Bahrain)me-south-1
715,Microsoft Windows Server 2012 R2 with SQL Server 2016 Standard,ami-0f1a474a6b3384417,Middle East (Bahrain)me-south-1
716,Microsoft Windows Server 2012 R2 with SQL Server 2016 Enterprise,ami-0802f03d12bfb7d2e,Middle East (Bahrain)me-south-1
717,Amazon Linux 2 LTS with SQL Server 2017 Standard,ami-06cd4719ba7480253,Middle East (Bahrain)me-south-1
718,Ubuntu Server 16.04 LTS (HVM) with SQL Server 2017 Standard,ami-0301adbd73ade82ae,Middle East (Bahrain)me-south-1
719,"Amazon Linux 2 with .Net Core, PowerShell, Mono, and MATE Desktop Environment",ami-0d3a4e4c4075d3831,Middle East (Bahrain)me-south-1
720,Amazon Linux 2 LTS with SQL Server 2019 Standard,ami-080c7fec2a13af32d,Middle East (Bahrain)me-south-1
721,"SUSE Linux Enterprise Server 12 SP5 (HVM), SSD Volume Type",ami-06eafdd993fba48ff,Middle East (Bahrain)me-south-1
722,Deep Learning Base AMI (Ubuntu 16.04) Version 23.0,ami-09a9c9fbb2e07c28a,Middle East (Bahrain)me-south-1
723,Deep Learning Base AMI (Amazon Linux 2) Version 23.0,ami-0c71890d87e195bfc,Middle East (Bahrain)me-south-1
724,"Ubuntu Server 20.04 LTS (HVM), SSD Volume Type",ami-001c16a3a4f5d85f1,Middle East (Bahrain)me-south-1
725,Deep Learning AMI (Amazon Linux) Version 28.0,ami-09add213d71f24abb,Middle East (Bahrain)me-south-1
726,Deep Learning Base AMI (Amazon Linux) Version 23.0,ami-0d899d9d435f7b628,Middle East (Bahrain)me-south-1
